REGION	DEP	CANTON	TYPCT	BURCENTRAL	TNCC	ARTMAJ	NCC	ARTMIN	NCCENR
84	01	01	1	01004	1		AMBERIEU-EN-BUGEY		Ambérieu-en-Bugey
84	01	02	1	01024	1		ATTIGNAT		Attignat
84	01	03	1	01033	0		BELLEGARDE-SUR-VALSERINE		Bellegarde-sur-Valserine
84	01	04	1	01034	0		BELLEY		Belley
84	01	05	2	01053	0		BOURG-EN-BRESSE-1		Bourg-en-Bresse-1
84	01	06	2	01053	0		BOURG-EN-BRESSE-2		Bourg-en-Bresse-2
84	01	07	1	01072	0		CEYZERIAT		Ceyzériat
84	01	08	1	01093	0		CHATILLON-SUR-CHALARONNE		Châtillon-sur-Chalaronne
84	01	09	1	01173	0		GEX		Gex
84	01	10	1	01185	0		HAUTEVILLE-LOMPNES		Hauteville-Lompnes
84	01	11	1	01202	0		LAGNIEU		Lagnieu
84	01	12	1	01244	0		MEXIMIEUX		Meximieux
84	01	13	1	01249	0		MIRIBEL		Miribel
84	01	14	1	01269	0		NANTUA		Nantua
84	01	15	1	01283	1		OYONNAX		Oyonnax
84	01	16	1	01304	0		PONT-D'AIN		Pont-d'Ain
84	01	17	1	01320	0		REPLONGES		Replonges
84	01	18	1	01350	0		SAINT-ETIENNE-DU-BOIS		Saint-Étienne-du-Bois
84	01	19	1	01354	0		SAINT-GENIS-POUILLY		Saint-Genis-Pouilly
84	01	20	1	01419	0		THOIRY		Thoiry
84	01	21	1	01427	0		TREVOUX		Trévoux
84	01	22	1	01443	0		VILLARS-LES-DOMBES		Villars-les-Dombes
84	01	23	1	01457	0		VONNAS		Vonnas
32	02	01	1	02095	0		BOHAIN-EN-VERMANDOIS		Bohain-en-Vermandois
32	02	02	1	02168	0		CHATEAU-THIERRY		Château-Thierry
32	02	03	1	02173	0		CHAUNY		Chauny
32	02	04	1	02290	1		ESSOMES-SUR-MARNE		Essômes-sur-Marne
32	02	05	1	02305	0		FERE-EN-TARDENOIS		Fère-en-Tardenois
32	02	06	1	02360	0		GUIGNICOURT		Guignicourt
32	02	07	1	02361	0		GUISE		Guise
32	02	08	1	02381	1		HIRSON		Hirson
32	02	09	2	02408	0		LAON-1		Laon-1
32	02	10	2	02408	0		LAON-2		Laon-2
32	02	11	1	02468	0		MARLE		Marle
32	02	12	1	02648	0		RIBEMONT		Ribemont
32	02	13	2	02691	0		SAINT-QUENTIN-1		Saint-Quentin-1
32	02	14	2	02691	0		SAINT-QUENTIN-2		Saint-Quentin-2
32	02	15	2	02691	0		SAINT-QUENTIN-3		Saint-Quentin-3
32	02	16	2	02722	0		SOISSONS-1		Soissons-1
32	02	17	2	02722	0		SOISSONS-2		Soissons-2
32	02	18	1	02738	0		TERGNIER		Tergnier
32	02	19	1	02789	0		VERVINS		Vervins
32	02	20	1	02795	0		VIC-SUR-AISNE		Vic-sur-Aisne
32	02	21	1	02810	0		VILLERS-COTTERETS		Villers-Cotterêts
84	03	01	1	03023	0		BELLERIVE-SUR-ALLIER		Bellerive-sur-Allier
84	03	02	1	03036	0		BOURBON-L'ARCHAMBAULT		Bourbon-l'Archambault
84	03	03	1	03082	0		COMMENTRY		Commentry
84	03	04	1	03095	0		CUSSET		Cusset
84	03	05	1	03102	0		DOMPIERRE-SUR-BESBRE		Dompierre-sur-Besbre
84	03	06	1	03118	0		GANNAT		Gannat
84	03	07	1	03128	1		HURIEL		Huriel
84	03	08	1	03138	0		LAPALISSE		Lapalisse
84	03	09	2	03185	0		MONTLUCON-1		Montluçon-1
84	03	10	2	03185	0		MONTLUCON-2		Montluçon-2
84	03	11	2	03185	0		MONTLUCON-3		Montluçon-3
84	03	12	2	03185	0		MONTLUCON-4		Montluçon-4
84	03	13	2	03190	0		MOULINS-1		Moulins-1
84	03	14	2	03190	0		MOULINS-2		Moulins-2
84	03	15	1	03254	0		SAINT-POURCAIN-SUR-SIOULE		Saint-Pourçain-sur-Sioule
84	03	16	1	03275	0		SOUVIGNY		Souvigny
84	03	17	2	03310	0		VICHY-1		Vichy-1
84	03	18	2	03310	0		VICHY-2		Vichy-2
84	03	19	1	03321	1		YZEURE		Yzeure
93	04	01	1	04019	0		BARCELONNETTE		Barcelonnette
93	04	02	1	04039	0		CASTELLANE		Castellane
93	04	03	1	04049	0		CHATEAU-ARNOUX-SAINT-AUBAN		Château-Arnoux-Saint-Auban
93	04	04	2	04070	0		DIGNE-LES-BAINS-1		Digne-les-Bains-1
93	04	05	2	04070	0		DIGNE-LES-BAINS-2		Digne-les-Bains-2
93	04	06	1	04088	0		FORCALQUIER		Forcalquier
93	04	07	2	04112	0		MANOSQUE-1		Manosque-1
93	04	08	2	04112	0		MANOSQUE-2		Manosque-2
93	04	09	2	04112	0		MANOSQUE-3		Manosque-3
93	04	10	1	04143	1		ORAISON		Oraison
93	04	11	1	04160	0		REILLANNE		Reillanne
93	04	12	1	04166	0		RIEZ		Riez
93	04	13	1	04205	0		SEYNE		Seyne
93	04	14	1	04209	0		SISTERON		Sisteron
93	04	15	1	04230	0		VALENSOLE		Valensole
93	05	01	1	05006	5	(L')	ARGENTIERE-LA-BESSEE	(L')	Argentière-la-Bessée
93	05	02	2	05023	0		BRIANCON-1		Briançon-1
93	05	03	2	05023	0		BRIANCON-2		Briançon-2
93	05	04	1	05040	0		CHORGES		Chorges
93	05	05	1	05046	1		EMBRUN		Embrun
93	05	06	4	05061	0		GAP-1		Gap-1
93	05	07	4	05061	0		GAP-2		Gap-2
93	05	08	4	05061	0		GAP-3		Gap-3
93	05	09	4	05061	0		GAP-4		Gap-4
93	05	10	1	05065	0		GUILLESTRE		Guillestre
93	05	11	1	05070	0		LARAGNE-MONTEGLIN		Laragne-Montéglin
93	05	12	1	05132	0		SAINT-BONNET-EN-CHAMPSAUR		Saint-Bonnet-en-Champsaur
93	05	13	1	05166	0		SERRES		Serres
93	05	14	1	05170	0		TALLARD		Tallard
93	05	15	1	05179	0		VEYNES		Veynes
93	06	01	2	06004	1		ANTIBES-1		Antibes-1
93	06	02	4	06004	1		ANTIBES-2		Antibes-2
93	06	03	2	06004	1		ANTIBES-3		Antibes-3
93	06	04	1	06012	0		BEAUSOLEIL		Beausoleil
93	06	05	4	06027	0		CAGNES-SUR-MER-1		Cagnes-sur-Mer-1
93	06	06	2	06027	0		CAGNES-SUR-MER-2		Cagnes-sur-Mer-2
93	06	07	5	06029	0		CANNES-1		Cannes-1
93	06	08	4	06029	0		CANNES-2		Cannes-2
93	06	09	2	06030	2	(LE)	CANNET	(Le)	Cannet
93	06	10	1	06048	0		CONTES		Contes
93	06	11	2	06069	0		GRASSE-1		Grasse-1
93	06	12	2	06069	0		GRASSE-2		Grasse-2
93	06	13	1	06079	0		MANDELIEU-LA-NAPOULE		Mandelieu-la-Napoule
93	06	14	1	06083	0		MENTON		Menton
93	06	15	4	06088	0		NICE-1		Nice-1
93	06	16	4	06088	0		NICE-2		Nice-2
93	06	17	2	06088	0		NICE-3		Nice-3
93	06	18	4	06088	0		NICE-4		Nice-4
93	06	19	4	06088	0		NICE-5		Nice-5
93	06	20	4	06088	0		NICE-6		Nice-6
93	06	21	2	06088	0		NICE-7		Nice-7
93	06	22	4	06088	0		NICE-8		Nice-8
93	06	23	4	06088	0		NICE-9		Nice-9
93	06	24	1	06147	0		TOURRETTE-LEVENS		Tourrette-Levens
93	06	25	2	06152	0		VALBONNE		Valbonne
93	06	26	1	06157	0		VENCE		Vence
93	06	27	1	06161	0		VILLENEUVE-LOUBET		Villeneuve-Loubet
84	07	01	2	07010	1		ANNONAY-1		Annonay-1
84	07	02	2	07010	1		ANNONAY-2		Annonay-2
84	07	03	2	07019	1		AUBENAS-1		Aubenas-1
84	07	04	2	07019	1		AUBENAS-2		Aubenas-2
84	07	05	1	07042	0		BOURG-SAINT-ANDEOL		Bourg-Saint-Andéol
84	07	06	1	07064	0		HAUT-EYRIEUX		Haut-Eyrieux
84	07	07	1	07102	0		GUILHERAND-GRANGES		Guilherand-Granges
84	07	08	1	07129	0		HAUT-VIVARAIS		Haut-Vivarais
84	07	09	1	07181	2	(LE)	POUZIN	(Le)	Pouzin
84	07	10	1	07186	0		PRIVAS		Privas
84	07	11	1	07308	0		SARRAS		Sarras
84	07	12	1	07319	0		BERG-HELVIE		Berg-Helvie
84	07	13	1	07322	0		HAUTE-ARDECHE		Haute-Ardèche
84	07	14	1	07324	0		TOURNON-SUR-RHONE		Tournon-sur-Rhône
84	07	15	1	07330	0		VALLON-PONT-D'ARC		Vallon-Pont-d'Arc
84	07	16	1	07334	4	(LES)	CEVENNES ARDECHOISES	(Les)	Cévennes Ardéchoises
84	07	17	1	07349	0		RHONE-EYRIEUX		Rhône-Eyrieux
44	08	01	1	08025	1		ATTIGNY		Attigny
44	08	02	1	08081	0		BOGNY-SUR-MEUSE		Bogny-sur-Meuse
44	08	03	1	08090	0		CARIGNAN		Carignan
44	08	04	2	08105	0		CHARLEVILLE-MEZIERES-1		Charleville-Mézières-1
44	08	05	2	08105	0		CHARLEVILLE-MEZIERES-2		Charleville-Mézières-2
44	08	06	2	08105	0		CHARLEVILLE-MEZIERES-3		Charleville-Mézières-3
44	08	07	2	08105	0		CHARLEVILLE-MEZIERES-4		Charleville-Mézières-4
44	08	08	1	08107	0		CHATEAU-PORCIEN		Château-Porcien
44	08	09	1	08190	0		GIVET		Givet
44	08	10	1	08327	0		NOUVION-SUR-MEUSE		Nouvion-sur-Meuse
44	08	11	1	08362	0		RETHEL		Rethel
44	08	12	1	08363	0		REVIN		Revin
44	08	13	1	08367	0		ROCROI		Rocroi
44	08	14	2	08409	0		SEDAN-1		Sedan-1
44	08	15	2	08409	0		SEDAN-2		Sedan-2
44	08	16	2	08409	0		SEDAN-3		Sedan-3
44	08	17	1	08419	0		SIGNY-L'ABBAYE		Signy-l'Abbaye
44	08	18	1	08480	0		VILLERS-SEMEUSE		Villers-Semeuse
44	08	19	1	08490	0		VOUZIERS		Vouziers
76	09	01	1	09032	0		HAUTE-ARIEGE		Haute-Ariège
76	09	02	1	09167	1		ARIZE-LEZE		Arize-Lèze
76	09	03	1	09042	0		COUSERANS EST		Couserans Est
76	09	04	1	09261	0		COUSERANS OUEST		Couserans Ouest
76	09	05	1	09122	0		FOIX		Foix
76	09	06	1	09194	0		MIREPOIX		Mirepoix
76	09	07	2	09225	0		PAMIERS-1		Pamiers-1
76	09	08	2	09225	0		PAMIERS-2		Pamiers-2
76	09	09	1	09160	0		PAYS D'OLMES		Pays d'Olmes
76	09	10	1	09282	0		PORTES D'ARIEGE		Portes d'Ariège
76	09	11	1	09268	0		PORTES DU COUSERANS		Portes du Couserans
76	09	12	1	09306	0		SABARTHES		Sabarthès
76	09	13	1	09324	0		VAL D'ARIEGE		Val d'Ariège
44	10	01	1	10003	1		AIX-EN-OTHE		Aix-en-Othe
44	10	02	1	10006	1		ARCIS-SUR-AUBE		Arcis-sur-Aube
44	10	03	1	10033	0		BAR-SUR-AUBE		Bar-sur-Aube
44	10	04	1	10034	0		BAR-SUR-SEINE		Bar-sur-Seine
44	10	05	1	10064	0		BRIENNE-LE-CHATEAU		Brienne-le-Château
44	10	06	1	10115	0		CRENEY-PRES-TROYES		Creney-près-Troyes
44	10	07	1	10268	0		NOGENT-SUR-SEINE		Nogent-sur-Seine
44	10	08	1	10317	4	(LES)	RICEYS	(Les)	Riceys
44	10	09	1	10323	0		ROMILLY-SUR-SEINE		Romilly-sur-Seine
44	10	10	1	10333	0		SAINT-ANDRE-LES-VERGERS		Saint-André-les-Vergers
44	10	11	1	10349	0		SAINT-LYE		Saint-Lyé
44	10	12	4	10387	0		TROYES-1		Troyes-1
44	10	13	2	10387	0		TROYES-2		Troyes-2
44	10	14	2	10387	0		TROYES-3		Troyes-3
44	10	15	2	10387	0		TROYES-4		Troyes-4
44	10	16	4	10387	0		TROYES-5		Troyes-5
44	10	17	1	10401	0		VENDEUVRE-SUR-BARSE		Vendeuvre-sur-Barse
76	11	01	1	11049	3	(LA)	PIEGE AU RAZES	(La)	Piège au Razès
76	11	02	4	11069	0		CARCASSONNE-1		Carcassonne-1
76	11	03	2	11069	0		CARCASSONNE-2		Carcassonne-2
76	11	04	2	11069	0		CARCASSONNE-3		Carcassonne-3
76	11	05	1	11076	2	(LE)	BASSIN CHAURIEN	(Le)	Bassin chaurien
76	11	06	1	11106	4	(LES)	BASSES PLAINES DE L'AUDE	(Les)	Basses Plaines de l'Aude
76	11	07	1	11132	4	(LES)	CORBIERES	(Les)	Corbières
76	11	08	1	11203	2	(LE)	LEZIGNANAIS	(Le)	Lézignanais
76	11	09	1	11206	3	(LA)	REGION LIMOUXINE	(La)	Région Limouxine
76	11	10	1	11254	3	(LA)	MALEPERE A LA MONTAGNE NOIRE	(La)	Malepère à la Montagne Noire
76	11	11	2	11262	0		NARBONNE-1		Narbonne-1
76	11	12	2	11262	0		NARBONNE-2		Narbonne-2
76	11	13	4	11262	0		NARBONNE-3		Narbonne-3
76	11	14	1	11304	3	(LA)	HAUTE-VALLEE DE L'AUDE	(La)	Haute-Vallée de l'Aude
76	11	15	1	11315	2	(LE)	HAUT-MINERVOIS	(Le)	Haut-Minervois
76	11	16	1	11369	2	(LE)	SUD-MINERVOIS	(Le)	Sud-Minervois
76	11	17	1	11379	4	(LES)	CORBIERES MEDITERRANEE	(Les)	Corbières Méditerranée
76	11	18	1	11397	3	(LA)	MONTAGNE D'ALARIC	(La)	Montagne d'Alaric
76	11	19	1	11429	3	(LA)	VALLEE DE L'ORBIEL	(La)	Vallée de l'Orbiel
76	12	01	1	12119	1		AUBRAC ET CARLADEZ		Aubrac et Carladez
76	12	02	1	12198	1		AVEYRON ET TARN		Aveyron et Tarn
76	12	03	1	12264	0		CAUSSE-COMTAL		Causse-Comtal
76	12	04	1	12063	0		CAUSSES-ROUGIERS		Causses-Rougiers
76	12	05	1	12056	0		CEOR-SEGALA		Ceor-Ségala
76	12	06	1	12013	1		ENNE ET ALZOU		Enne et Alzou
76	12	07	1	12089	0		LOT ET DOURDOU		Lot et Dourdou
76	12	08	1	12052	0		LOT ET MONTBAZINOIS		Lot et Montbazinois
76	12	09	1	12224	0		LOT ET PALANGES		Lot et Palanges
76	12	10	1	12096	0		LOT ET TRUYERE		Lot et Truyère
76	12	11	2	12145	0		MILLAU-1		Millau-1
76	12	12	2	12145	0		MILLAU-2		Millau-2
76	12	13	1	12197	0		MONTS DU REQUISTANAIS		Monts du Réquistanais
76	12	14	1	12133	0		NORD-LEVEZOU		Nord-Lévezou
76	12	15	1	12185	0		RASPES ET LEVEZOU		Raspes et Lévezou
76	12	16	4	12202	0		RODEZ-1		Rodez-1
76	12	17	2	12202	0		RODEZ-2		Rodez-2
76	12	18	2	12202	0		RODEZ-ONET		Rodez-Onet
76	12	19	1	12208	0		SAINT-AFFRIQUE		Saint-Affrique
76	12	20	1	12270	0		TARN ET CAUSSES		Tarn et Causses
76	12	21	1	12254	0		VALLON		Vallon
76	12	22	1	12300	0		VILLEFRANCHE-DE-ROUERGUE		Villefranche-de-Rouergue
76	12	23	1	12301	0		VILLENEUVOIS ET VILLEFRANCHOIS		Villeneuvois et Villefranchois
93	13	01	4	13001	1		AIX-EN-PROVENCE-1		Aix-en-Provence-1
93	13	02	4	13001	1		AIX-EN-PROVENCE-2		Aix-en-Provence-2
93	13	03	1	13002	1		ALLAUCH		Allauch
93	13	04	1	13004	1		ARLES		Arles
93	13	05	1	13005	1		AUBAGNE		Aubagne
93	13	06	1	13014	0		BERRE-L'ETANG		Berre-l'Étang
93	13	07	1	13027	0		CHATEAURENARD		Châteaurenard
93	13	08	1	13028	3	(LA)	CIOTAT	(La)	Ciotat
93	13	09	1	13041	0		GARDANNE		Gardanne
93	13	10	1	13047	1		ISTRES		Istres
93	13	11	1	13054	0		MARIGNANE		Marignane
93	13	12	4	13055	0		MARSEILLE-1		Marseille-1
93	13	13	4	13055	0		MARSEILLE-2		Marseille-2
93	13	14	4	13055	0		MARSEILLE-3		Marseille-3
93	13	15	4	13055	0		MARSEILLE-4		Marseille-4
93	13	16	4	13055	0		MARSEILLE-5		Marseille-5
93	13	17	4	13055	0		MARSEILLE-6		Marseille-6
93	13	18	4	13055	0		MARSEILLE-7		Marseille-7
93	13	19	4	13055	0		MARSEILLE-8		Marseille-8
93	13	20	4	13055	0		MARSEILLE-9		Marseille-9
93	13	21	4	13055	0		MARSEILLE-10		Marseille-10
93	13	22	4	13055	0		MARSEILLE-11		Marseille-11
93	13	23	4	13055	0		MARSEILLE-12		Marseille-12
93	13	24	1	13056	0		MARTIGUES		Martigues
93	13	25	1	13069	0		PELISSANNE		Pélissanne
93	13	26	2	13103	0		SALON-DE-PROVENCE-1		Salon-de-Provence-1
93	13	27	2	13103	0		SALON-DE-PROVENCE-2		Salon-de-Provence-2
93	13	28	1	13110	0		TRETS		Trets
93	13	29	1	13117	0		VITROLLES		Vitrolles
28	14	01	1	14027	1		AUNAY-SUR-ODON		Aunay-sur-Odon
28	14	02	1	14047	0		BAYEUX		Bayeux
28	14	03	1	14098	0		BRETTEVILLE-L'ORGUEILLEUSE		Bretteville-l'Orgueilleuse
28	14	04	1	14117	0		CABOURG		Cabourg
28	14	05	2	14118	0		CAEN-1		Caen-1
28	14	06	2	14118	0		CAEN-2		Caen-2
28	14	07	2	14118	0		CAEN-3		Caen-3
28	14	08	4	14118	0		CAEN-4		Caen-4
28	14	09	2	14118	0		CAEN-5		Caen-5
28	14	10	1	14174	0		CONDE-SUR-NOIREAU		Condé-sur-Noireau
28	14	11	1	14191	0		COURSEULLES-SUR-MER		Courseulles-sur-Mer
28	14	12	1	14257	1		EVRECY		Évrecy
28	14	13	1	14258	0		FALAISE		Falaise
28	14	14	1	14327	1		HEROUVILLE-SAINT-CLAIR		Hérouville-Saint-Clair
28	14	15	1	14333	0		HONFLEUR-DEAUVILLE		Honfleur-Deauville
28	14	16	1	14341	1		IFS		Ifs
28	14	17	1	14366	0		LISIEUX		Lisieux
28	14	18	1	14371	0		LIVAROT		Livarot
28	14	19	1	14431	0		MEZIDON-CANON		Mézidon-Canon
28	14	20	1	14488	1		OUISTREHAM		Ouistreham
28	14	21	1	14514	0		PONT-L'EVEQUE		Pont-l'Évêque
28	14	22	1	14689	0		THURY-HARCOURT		Thury-Harcourt
28	14	23	1	14711	0		TREVIERES		Trévières
28	14	24	1	14712	0		TROARN		Troarn
28	14	25	1	14762	0		VIRE		Vire
84	15	01	1	15012	1		ARPAJON-SUR-CERE		Arpajon-sur-Cère
84	15	02	2	15014	1		AURILLAC-1		Aurillac-1
84	15	03	4	15014	1		AURILLAC-2		Aurillac-2
84	15	04	4	15014	1		AURILLAC-3		Aurillac-3
84	15	05	1	15120	0		MAURIAC		Mauriac
84	15	06	1	15122	0		MAURS		Maurs
84	15	07	1	15138	0		MURAT		Murat
84	15	08	1	15140	0		NAUCELLES		Naucelles
84	15	09	1	15142	0		NEUVEGLISE		Neuvéglise
84	15	10	1	15162	0		RIOM-ES-MONTAGNES		Riom-ès-Montagnes
84	15	11	2	15187	0		SAINT-FLOUR-1		Saint-Flour-1
84	15	12	2	15187	0		SAINT-FLOUR-2		Saint-Flour-2
84	15	13	1	15204	0		SAINT-PAUL-DES-LANDES		Saint-Paul-des-Landes
84	15	14	1	15258	0		VIC-SUR-CERE		Vic-sur-Cère
84	15	15	1	15265	1		YDES		Ydes
75	16	01	2	16015	1		ANGOULEME-1		Angoulême-1
75	16	02	2	16015	1		ANGOULEME-2		Angoulême-2
75	16	03	2	16015	1		ANGOULEME-3		Angoulême-3
75	16	04	1	16287	0		BOEME-ECHELLE		Boëme-Echelle
75	16	05	1	16393	0		BOIXE-ET-MANSLOIS		Boixe-et-Manslois
75	16	06	1	16085	0		CHARENTE-BONNIEURE		Charente-Bonnieure
75	16	07	1	16090	0		CHARENTE-CHAMPAGNE		Charente-Champagne
75	16	08	1	16292	0		CHARENTE-NORD		Charente-Nord
75	16	09	1	16028	0		CHARENTE-SUD		Charente-Sud
75	16	10	1	16106	0		CHARENTE-VIENNE		Charente-Vienne
75	16	11	2	16102	0		COGNAC-1		Cognac-1
75	16	12	2	16102	0		COGNAC-2		Cognac-2
75	16	13	1	16113	3	(LA)	COURONNE	(La)	Couronne
75	16	14	1	16154	0		GOND-PONTOUVRE		Gond-Pontouvre
75	16	15	1	16167	0		JARNAC		Jarnac
75	16	16	1	16291	0		TOUVRE-ET-BRACONNE		Touvre-et-Braconne
75	16	17	1	16073	0		TUDE-ET-LAVALETTE		Tude-et-Lavalette
75	16	18	1	16187	0		VAL DE NOUERE		Val de Nouère
75	16	19	1	16281	0		VAL DE TARDOIRE		Val de Tardoire
75	17	01	1	17028	1		AYTRE		Aytré
75	17	02	1	17086	0		CHANIERS		Chaniers
75	17	03	1	17094	0		CHATELAILLON-PLAGE		Châtelaillon-Plage
75	17	04	1	17385	5	(L')	ILE D'OLERON	(L')	Île d'Oléron
75	17	05	1	17369	5	(L')	ILE DE RE	(L')	Île de Ré
75	17	06	1	17194	3	(LA)	JARRIE	(La)	Jarrie
75	17	07	1	17197	0		JONZAC		Jonzac
75	17	08	1	17200	0		LAGORD		Lagord
75	17	09	1	17218	0		MARANS		Marans
75	17	10	1	17219	0		MARENNES		Marennes
75	17	11	1	17224	0		MATHA		Matha
75	17	12	1	17283	0		PONS		Pons
75	17	13	1	17299	0		ROCHEFORT		Rochefort
75	17	14	4	17300	3	(LA)	ROCHELLE-1	(La)	Rochelle-1
75	17	15	4	17300	3	(LA)	ROCHELLE-2	(La)	Rochelle-2
75	17	16	4	17300	3	(LA)	ROCHELLE-3	(La)	Rochelle-3
75	17	17	1	17306	0		ROYAN		Royan
75	17	18	1	17347	0		SAINT-JEAN-D'ANGELY		Saint-Jean-d'Angély
75	17	19	1	17387	0		SAINT-PORCHAIRE		Saint-Porchaire
75	17	20	1	17415	0		SAINTES		Saintes
75	17	21	1	17230	0		SAINTONGE ESTUAIRE		Saintonge Estuaire
75	17	22	1	17421	0		SAUJON		Saujon
75	17	23	1	17434	0		SURGERES		Surgères
75	17	24	1	17444	0		THENAC		Thénac
75	17	25	1	17449	0		TONNAY-CHARENTE		Tonnay-Charente
75	17	26	1	17452	3	(LA)	TREMBLADE	(La)	Tremblade
75	17	27	1	17240	4	(LES)	TROIS MONTS	(Les)	Trois Monts
24	18	01	1	18015	1		AUBIGNY-SUR-NERE		Aubigny-sur-Nère
24	18	02	1	18018	1		AVORD		Avord
24	18	03	4	18033	0		BOURGES-1		Bourges-1
24	18	04	4	18033	0		BOURGES-2		Bourges-2
24	18	05	4	18033	0		BOURGES-3		Bourges-3
24	18	06	4	18033	0		BOURGES-4		Bourges-4
24	18	07	1	18055	0		CHAROST		Chârost
24	18	08	1	18057	0		CHATEAUMEILLANT		Châteaumeillant
24	18	09	1	18087	0		DUN-SUR-AURON		Dun-sur-Auron
24	18	10	1	18108	3	(LA)	GUERCHE-SUR-L'AUBOIS	(La)	Guerche-sur-l'Aubois
24	18	11	1	18141	0		MEHUN-SUR-YEVRE		Mehun-sur-Yèvre
24	18	12	1	18197	0		SAINT-AMAND-MONTROND		Saint-Amand-Montrond
24	18	13	1	18205	0		SAINT-DOULCHARD		Saint-Doulchard
24	18	14	1	18213	0		SAINT-GERMAIN-DU-PUY		Saint-Germain-du-Puy
24	18	15	1	18223	0		SAINT-MARTIN-D'AUXIGNY		Saint-Martin-d'Auxigny
24	18	16	1	18241	0		SANCERRE		Sancerre
24	18	17	1	18267	0		TROUY		Trouy
24	18	18	4	18279	0		VIERZON-1		Vierzon-1
24	18	19	2	18279	0		VIERZON-2		Vierzon-2
75	19	01	1	19005	1		ALLASSAC		Allassac
75	19	02	1	19010	1		ARGENTAT		Argentat
75	19	03	4	19031	0		BRIVE-LA-GAILLARDE-1		Brive-la-Gaillarde-1
75	19	04	4	19031	0		BRIVE-LA-GAILLARDE-2		Brive-la-Gaillarde-2
75	19	05	2	19031	0		BRIVE-LA-GAILLARDE-3		Brive-la-Gaillarde-3
75	19	06	4	19031	0		BRIVE-LA-GAILLARDE-4		Brive-la-Gaillarde-4
75	19	07	1	19073	1		EGLETONS		Égletons
75	19	08	1	19028	0		HAUTE-DORDOGNE		Haute-Dordogne
75	19	09	1	19123	0		MALEMORT-SUR-CORREZE		Malemort-sur-Corrèze
75	19	10	1	19023	0		MIDI CORREZIEN		Midi Corrézien
75	19	11	1	19146	0		NAVES		Naves
75	19	12	1	19136	0		PLATEAU DE MILLEVACHES		Plateau de Millevaches
75	19	13	1	19229	0		SAINT-PANTALEON-DE-LARCHE		Saint-Pantaléon-de-Larche
75	19	14	1	19203	0		SAINTE-FORTUNADE		Sainte-Fortunade
75	19	15	1	19255	0		SEILHAC-MONEDIERES		Seilhac-Monédières
75	19	16	1	19272	0		TULLE		Tulle
75	19	17	1	19275	1		USSEL		Ussel
75	19	18	1	19276	1		UZERCHE		Uzerche
75	19	19	1	19153	5	(L')	YSSANDONNAIS	(L')	Yssandonnais
94	2A	01	4	2A004	1		AJACCIO-1		Ajaccio-1
94	2A	02	4	2A004	1		AJACCIO-2		Ajaccio-2
94	2A	03	4	2A004	1		AJACCIO-3		Ajaccio-3
94	2A	04	4	2A004	1		AJACCIO-4		Ajaccio-4
94	2A	05	2	2A004	1		AJACCIO-5		Ajaccio-5
94	2A	06	2	2A247	0		BAVELLA		Bavella
94	2A	07	2	2A247	0		GRAND SUD		Grand Sud
94	2A	08	1	2A001	0		GRAVONA-PRUNELLI		Gravona-Prunelli
94	2A	09	1	2A249	0		SARTENAIS-VALINCO		Sartenais-Valinco
94	2A	10	1	2A065	0		SEVI-SORRU-CINARCA		Sevi-Sorru-Cinarca
94	2A	11	1	2A130	0		TARAVO-ORNANO		Taravo-Ornano
94	2B	01	2	2B033	0		BASTIA-1		Bastia-1
94	2B	02	4	2B033	0		BASTIA-2		Bastia-2
94	2B	03	4	2B033	0		BASTIA-3		Bastia-3
94	2B	04	2	2B033	0		BASTIA-4		Bastia-4
94	2B	05	1	2B037	0		BIGUGLIA-NEBBIO		Biguglia-Nebbio
94	2B	06	1	2B042	0		BORGO		Borgo
94	2B	07	1	2B050	0		CALVI		Calvi
94	2B	08	1	2B305	0		CAP CORSE		Cap Corse
94	2B	09	1	2B207	0		CASINCA-FUMALTO		Casinca-Fumalto
94	2B	10	1	2B313	0		CASTAGNICCIA		Castagniccia
94	2B	11	1	2B096	0		CORTE		Corte
94	2B	12	1	2B251	0		FIUMORBO-CASTELLO		Fiumorbo-Castello
94	2B	13	1	2B123	0		GHISONACCIA		Ghisonaccia
94	2B	14	1	2B169	0		GOLO-MOROSAGLIA		Golo-Morosaglia
94	2B	15	1	2B134	5	(L')	ILE-ROUSSE	(L')	île-Rousse
27	21	01	1	21023	1		ARNAY-LE-DUC		Arnay-le-Duc
27	21	02	1	21038	1		AUXONNE		Auxonne
27	21	03	1	21054	0		BEAUNE		Beaune
27	21	04	1	21103	0		BRAZEY-EN-PLAINE		Brazey-en-Plaine
27	21	05	1	21154	0		CHATILLON-SUR-SEINE		Châtillon-sur-Seine
27	21	06	1	21166	0		CHENOVE		Chenôve
27	21	07	1	21171	0		CHEVIGNY-SAINT-SAUVEUR		Chevigny-Saint-Sauveur
27	21	08	4	21231	0		DIJON-1		Dijon-1
27	21	09	4	21231	0		DIJON-2		Dijon-2
27	21	10	4	21231	0		DIJON-3		Dijon-3
27	21	11	4	21231	0		DIJON-4		Dijon-4
27	21	12	4	21231	0		DIJON-5		Dijon-5
27	21	13	2	21231	0		DIJON-6		Dijon-6
27	21	14	1	21278	0		FONTAINE-LES-DIJON		Fontaine-lès-Dijon
27	21	15	1	21292	0		GENLIS		Genlis
27	21	16	1	21317	1		IS-SUR-TILLE		Is-sur-Tille
27	21	17	1	21606	0		LADOIX-SERRIGNY		Ladoix-Serrigny
27	21	18	1	21355	0		LONGVIC		Longvic
27	21	19	1	21425	0		MONTBARD		Montbard
27	21	20	1	21464	0		NUITS-SAINT-GEORGES		Nuits-Saint-Georges
27	21	21	1	21540	0		SAINT-APOLLINAIRE		Saint-Apollinaire
27	21	22	1	21603	0		SEMUR-EN-AUXOIS		Semur-en-Auxois
27	21	23	1	21617	0		TALANT		Talant
53	22	01	1	22004	0		BEGARD		Bégard
53	22	02	1	22020	0		BROONS		Broons
53	22	03	1	22025	0		CALLAC		Callac
53	22	04	1	22050	0		DINAN		Dinan
53	22	05	1	22070	0		GUINGAMP		Guingamp
53	22	06	1	22093	0		LAMBALLE		Lamballe
53	22	07	1	22113	0		LANNION		Lannion
53	22	08	1	22118	0		LANVALLAY		Lanvallay
53	22	09	1	22136	0		LOUDEAC		Loudéac
53	22	10	1	22158	0		MUR-DE-BRETAGNE		Mûr-de-Bretagne
53	22	11	1	22162	0		PAIMPOL		Paimpol
53	22	12	1	22168	0		PERROS-GUIREC		Perros-Guirec
53	22	13	1	22171	0		PLAINTEL		Plaintel
53	22	14	1	22172	0		PLANCOET		Plancoët
53	22	15	1	22182	0		PLELO		Plélo
53	22	16	1	22185	0		PLENEE-JUGON		Plénée-Jugon
53	22	17	1	22186	0		PLENEUF-VAL-ANDRE		Pléneuf-Val-André
53	22	18	1	22187	0		PLERIN		Plérin
53	22	19	1	22190	0		PLESLIN-TRIGAVOU		Pleslin-Trigavou
53	22	20	1	22194	0		PLESTIN-LES-GREVES		Plestin-les-Grèves
53	22	21	1	22215	0		PLOUFRAGAN		Ploufragan
53	22	22	1	22222	0		PLOUHA		Plouha
53	22	23	1	22266	0		ROSTRENEN		Rostrenen
53	22	24	4	22278	0		SAINT-BRIEUC-1		Saint-Brieuc-1
53	22	25	4	22278	0		SAINT-BRIEUC-2		Saint-Brieuc-2
53	22	26	1	22360	0		TREGUEUX		Trégueux
53	22	27	1	22362	0		TREGUIER		Tréguier
75	23	01	1	23001	1		AHUN		Ahun
75	23	02	1	23008	1		AUBUSSON		Aubusson
75	23	03	1	23013	1		AUZANCES		Auzances
75	23	04	1	23025	0		BONNAT		Bonnat
75	23	05	1	23030	0		BOURGANEUF		Bourganeuf
75	23	06	1	23031	0		BOUSSAC		Boussac
75	23	07	1	23075	0		DUN-LE-PALESTEL		Dun-le-Palestel
75	23	08	1	23076	1		EVAUX-LES-BAINS		Évaux-les-Bains
75	23	09	1	23079	0		FELLETIN		Felletin
75	23	10	1	23093	0		GOUZON		Gouzon
75	23	11	1	23095	2	(LE)	GRAND-BOURG	(Le)	Grand-Bourg
75	23	12	2	23096	0		GUERET-1		Guéret-1
75	23	13	2	23096	0		GUERET-2		Guéret-2
75	23	14	1	23247	0		SAINT-VAURY		Saint-Vaury
75	23	15	1	23176	3	(LA)	SOUTERRAINE	(La)	Souterraine
75	24	01	4	24037	0		BERGERAC-1		Bergerac-1
75	24	02	2	24037	0		BERGERAC-2		Bergerac-2
75	24	03	1	24064	0		BRANTOME		Brantôme
75	24	04	1	24138	0		COULOUNIEIX-CHAMIERS		Coulounieix-Chamiers
75	24	05	1	24550	2	(LE)	HAUT-PERIGORD NOIR	(Le)	Haut-Périgord Noir
75	24	06	1	24164	1		ISLE-LOUE-AUVEZERE		Isle-Loue-Auvézère
75	24	07	1	24053	1		ISLE-MANOIRE		Isle-Manoire
75	24	08	1	24223	0		LALINDE		Lalinde
75	24	09	1	24294	0		MONTPON-MENESTEROL		Montpon-Ménestérol
75	24	10	1	24340	0		PAYS DE LA FORCE		Pays de la Force
75	24	11	1	24335	0		PAYS DE MONTAIGNE ET GURSON		Pays de Montaigne et Gurson
75	24	12	1	24571	0		PERIGORD CENTRAL		Périgord Central
75	24	13	1	24311	0		PERIGORD VERT NONTRONNAIS		Périgord Vert Nontronnais
75	24	14	4	24322	0		PERIGUEUX-1		Périgueux-1
75	24	15	4	24322	0		PERIGUEUX-2		Périgueux-2
75	24	16	1	24352	0		RIBERAC		Ribérac
75	24	17	1	24372	0		SAINT-ASTIER		Saint-Astier
75	24	18	1	24520	0		SARLAT-LA-CANEDA		Sarlat-la-Canéda
75	24	19	1	24167	0		SUD-BERGERACOIS		Sud-Bergeracois
75	24	20	1	24547	0		TERRASSON-LAVILLEDIEU		Terrasson-Lavilledieu
75	24	21	1	24551	0		THIVIERS		Thiviers
75	24	22	1	24557	0		TRELISSAC		Trélissac
75	24	23	1	24396	0		VALLEE DORDOGNE		Vallée Dordogne
75	24	24	1	24309	0		VALLEE DE L'ISLE		Vallée de l'Isle
75	24	25	1	24291	0		VALLEE DE L'HOMME		Vallée de l'Homme
27	25	01	1	25031	1		AUDINCOURT		Audincourt
27	25	02	1	25047	0		BAUME-LES-DAMES		Baume-les-Dames
27	25	03	1	25048	0		BAVANS		Bavans
27	25	04	2	25056	0		BESANCON-1		Besançon-1
27	25	05	2	25056	0		BESANCON-2		Besançon-2
27	25	06	2	25056	0		BESANCON-3		Besançon-3
27	25	07	2	25056	0		BESANCON-4		Besançon-4
27	25	08	2	25056	0		BESANCON-5		Besançon-5
27	25	09	2	25056	0		BESANCON-6		Besançon-6
27	25	10	1	25057	0		BETHONCOURT		Bethoncourt
27	25	11	1	25259	0		FRASNE		Frasne
27	25	12	1	25356	0		MAICHE		Maîche
27	25	13	1	25388	0		MONTBELIARD		Montbéliard
27	25	14	1	25411	0		MORTEAU		Morteau
27	25	15	1	25434	1		ORNANS		Ornans
27	25	16	1	25462	0		PONTARLIER		Pontarlier
27	25	17	1	25527	0		SAINT-VIT		Saint-Vit
27	25	18	1	25578	0		VALDAHON		Valdahon
27	25	19	1	25580	0		VALENTIGNEY		Valentigney
84	26	01	2	26057	0		BOURG-DE-PEAGE		Bourg-de-Péage
84	26	02	1	26108	0		CREST		Crest
84	26	03	1	26114	0		DIEULEFIT		Dieulefit
84	26	04	1	26113	2	(LE)	DIOIS	(Le)	Diois
84	26	05	1	26301	0		DROME DES COLLINES		Drôme des collines
84	26	06	1	26146	0		GRIGNAN		Grignan
84	26	07	1	26166	0		LORIOL-SUR-DROME		Loriol-sur-Drôme
84	26	08	2	26198	0		MONTELIMAR-1		Montélimar-1
84	26	09	2	26198	0		MONTELIMAR-2		Montélimar-2
84	26	10	1	26220	0		NYONS ET BARONNIES		Nyons et Baronnies
84	26	11	2	26281	0		ROMANS-SUR-ISERE		Romans-sur-Isère
84	26	12	1	26333	0		SAINT-VALLIER		Saint-Vallier
84	26	13	1	26347	0		TAIN-L'HERMITAGE		Tain-l'Hermitage
84	26	14	1	26235	2	(LE)	TRICASTIN	(Le)	Tricastin
84	26	15	2	26362	0		VALENCE-1		Valence-1
84	26	16	2	26362	0		VALENCE-2		Valence-2
84	26	17	2	26362	0		VALENCE-3		Valence-3
84	26	18	4	26362	0		VALENCE-4		Valence-4
84	26	19	1	26088	0		VERCORS-MONTS DU MATIN		Vercors-Monts du Matin
28	27	01	1	27016	4	(LES)	ANDELYS	(Les)	Andelys
28	27	02	1	27056	0		BERNAY		Bernay
28	27	03	1	27065	0		BEUZEVILLE		Beuzeville
28	27	04	1	27103	0		BOURG-ACHARD		Bourg-Achard
28	27	05	1	27105	0		BOURGTHEROULDE-INFREVILLE		Bourgtheroulde-Infreville
28	27	06	1	27112	0		BRETEUIL		Breteuil
28	27	07	1	27116	0		BRIONNE		Brionne
28	27	08	1	27165	0		CONCHES-EN-OUCHE		Conches-en-Ouche
28	27	09	2	27229	1		EVREUX-1		Évreux-1
28	27	10	2	27229	1		EVREUX-2		Évreux-2
28	27	11	2	27229	1		EVREUX-3		Évreux-3
28	27	12	1	27275	0		GAILLON		Gaillon
28	27	13	1	27284	0		GISORS		Gisors
28	27	14	1	27375	0		LOUVIERS		Louviers
28	27	15	1	27428	2	(LE)	NEUBOURG	(Le)	Neubourg
28	27	16	1	27448	0		PACY-SUR-EURE		Pacy-sur-Eure
28	27	17	1	27467	0		PONT-AUDEMER		Pont-Audemer
28	27	18	1	27469	0		PONT-DE-L'ARCHE		Pont-de-l'Arche
28	27	19	1	27493	0		ROMILLY-SUR-ANDELLE		Romilly-sur-Andelle
28	27	20	1	27507	0		SAINT-ANDRE-DE-L'EURE		Saint-André-de-l'Eure
28	27	21	1	27701	0		VAL-DE-REUIL		Val-de-Reuil
28	27	22	1	27679	0		VERNEUIL-SUR-AVRE		Verneuil-sur-Avre
28	27	23	1	27681	0		VERNON		Vernon
24	28	01	1	28007	1		ANET		Anet
24	28	02	1	28015	1		AUNEAU		Auneau
24	28	03	1	28061	0		BROU		Brou
24	28	04	2	28085	0		CHARTRES-1		Chartres-1
24	28	05	2	28085	0		CHARTRES-2		Chartres-2
24	28	06	2	28085	0		CHARTRES-3		Chartres-3
24	28	07	1	28088	0		CHATEAUDUN		Châteaudun
24	28	08	2	28134	0		DREUX-1		Dreux-1
24	28	09	2	28134	0		DREUX-2		Dreux-2
24	28	10	1	28140	1		EPERNON		Épernon
24	28	11	1	28196	1		ILLIERS-COMBRAY		Illiers-Combray
24	28	12	1	28218	0		LUCE		Lucé
24	28	13	1	28280	0		NOGENT-LE-ROTROU		Nogent-le-Rotrou
24	28	14	1	28348	0		SAINT-LUBIN-DES-JONCHERETS		Saint-Lubin-des-Joncherets
24	28	15	1	28422	0		VOVES		Voves
53	29	01	4	29019	0		BREST-1		Brest-1
53	29	02	4	29019	0		BREST-2		Brest-2
53	29	03	2	29019	0		BREST-3		Brest-3
53	29	04	2	29019	0		BREST-4		Brest-4
53	29	05	4	29019	0		BREST-5		Brest-5
53	29	06	1	29020	0		BRIEC		Briec
53	29	07	1	29024	0		CARHAIX-PLOUGUER		Carhaix-Plouguer
53	29	08	1	29039	0		CONCARNEAU		Concarneau
53	29	09	1	29042	0		CROZON		Crozon
53	29	10	1	29046	0		DOUARNENEZ		Douarnenez
53	29	11	1	29058	0		FOUESNANT		Fouesnant
53	29	12	1	29075	0		GUIPAVAS		Guipavas
53	29	13	1	29103	0		LANDERNEAU		Landerneau
53	29	14	1	29105	0		LANDIVISIAU		Landivisiau
53	29	15	1	29124	0		LESNEVEN		Lesneven
53	29	16	1	29150	0		MOELAN-SUR-MER		Moëlan-sur-Mer
53	29	17	1	29151	0		MORLAIX		Morlaix
53	29	18	1	29160	0		PLABENNEC		Plabennec
53	29	19	1	29174	0		PLONEOUR-LANVERN		Plonéour-Lanvern
53	29	20	1	29199	0		PLOUIGNEAU		Plouigneau
53	29	21	1	29302	0		PONT-DE-BUIS-LES-QUIMERCH		Pont-de-Buis-lès-Quimerch
53	29	22	1	29220	0		PONT-L'ABBE		Pont-l'Abbé
53	29	23	2	29232	0		QUIMPER-1		Quimper-1
53	29	24	4	29232	0		QUIMPER-2		Quimper-2
53	29	25	1	29233	0		QUIMPERLE		Quimperlé
53	29	26	1	29259	0		SAINT-POL-DE-LEON		Saint-Pol-de-Léon
53	29	27	1	29260	0		SAINT-RENAN		Saint-Renan
76	30	01	1	30003	1		AIGUES-MORTES		Aigues-Mortes
76	30	02	2	30007	1		ALES-1		Alès-1
76	30	03	2	30007	1		ALES-2		Alès-2
76	30	04	2	30007	1		ALES-3		Alès-3
76	30	05	1	30028	0		BAGNOLS-SUR-CEZE		Bagnols-sur-Cèze
76	30	06	1	30032	0		BEAUCAIRE		Beaucaire
76	30	07	1	30062	0		CALVISSON		Calvisson
76	30	08	1	30132	3	(LA)	GRAND-COMBE	(La)	Grand-Combe
76	30	09	1	30156	0		MARGUERITTES		Marguerittes
76	30	10	4	30189	0		NIMES-1		Nîmes-1
76	30	11	4	30189	0		NIMES-2		Nîmes-2
76	30	12	4	30189	0		NIMES-3		Nîmes-3
76	30	13	4	30189	0		NIMES-4		Nîmes-4
76	30	14	1	30202	0		PONT-SAINT-ESPRIT		Pont-Saint-Esprit
76	30	15	1	30210	0		QUISSAC		Quissac
76	30	16	1	30211	0		REDESSAN		Redessan
76	30	17	1	30221	0		ROQUEMAURE		Roquemaure
76	30	18	1	30223	0		ROUSSON		Rousson
76	30	19	2	30258	0		SAINT-GILLES		Saint-Gilles
76	30	20	1	30334	1		UZES		Uzès
76	30	21	1	30341	0		VAUVERT		Vauvert
76	30	22	1	30350	2	(LE)	VIGAN	(Le)	Vigan
76	30	23	1	30351	0		VILLENEUVE-LES-AVIGNON		Villeneuve-lès-Avignon
76	31	01	1	31033	1		AUTERIVE		Auterive
76	31	02	1	31042	0		BAGNERES-DE-LUCHON		Bagnères-de-Luchon
76	31	03	1	31069	0		BLAGNAC		Blagnac
76	31	04	1	31113	0		CASTANET-TOLOSAN		Castanet-Tolosan
76	31	05	1	31116	0		CASTELGINEST		Castelginest
76	31	06	1	31135	0		CAZERES		Cazères
76	31	07	1	31169	1		ESCALQUENS		Escalquens
76	31	08	1	31291	0		LEGUEVIN		Léguevin
76	31	09	1	31395	0		MURET		Muret
76	31	10	1	31410	0		PECHBONNIEU		Pechbonnieu
76	31	11	1	31424	0		PLAISANCE-DU-TOUCH		Plaisance-du-Touch
76	31	12	1	31433	0		PORTET-SUR-GARONNE		Portet-sur-Garonne
76	31	13	1	31451	0		REVEL		Revel
76	31	14	1	31483	0		SAINT-GAUDENS		Saint-Gaudens
76	31	15	4	31555	0		TOULOUSE-1		Toulouse-1
76	31	16	4	31555	0		TOULOUSE-2		Toulouse-2
76	31	17	4	31555	0		TOULOUSE-3		Toulouse-3
76	31	18	4	31555	0		TOULOUSE-4		Toulouse-4
76	31	19	4	31555	0		TOULOUSE-5		Toulouse-5
76	31	20	4	31555	0		TOULOUSE-6		Toulouse-6
76	31	21	2	31555	0		TOULOUSE-7		Toulouse-7
76	31	22	2	31555	0		TOULOUSE-8		Toulouse-8
76	31	23	2	31555	0		TOULOUSE-9		Toulouse-9
76	31	24	2	31555	0		TOULOUSE-10		Toulouse-10
76	31	25	2	31555	0		TOULOUSE-11		Toulouse-11
76	31	26	1	31557	0		TOURNEFEUILLE		Tournefeuille
76	31	27	1	31584	0		VILLEMUR-SUR-TARN		Villemur-sur-Tarn
76	32	01	1	32344	1		ADOUR-GERSOISE		Adour-Gersoise
76	32	02	1	32119	1		ARMAGNAC-TENAREZE		Armagnac-Ténarèze
76	32	03	1	32242	1		ASTARAC-GIMONE		Astarac-Gimone
76	32	04	2	32013	1		AUCH-1		Auch-1
76	32	05	2	32013	1		AUCH-2		Auch-2
76	32	06	2	32013	1		AUCH-3		Auch-3
76	32	07	1	32107	0		BAISE-ARMAGNAC		Baïse-Armagnac
76	32	08	1	32462	0		FEZENSAC		Fezensac
76	32	09	1	32132	0		FLEURANCE-LOMAGNE		Fleurance-Lomagne
76	32	10	1	32331	0		GASCOGNE-AUSCITAINE		Gascogne-Auscitaine
76	32	11	1	32147	0		GIMONE-ARRATS		Gimone-Arrats
76	32	12	1	32296	0		GRAND-BAS-ARMAGNAC		Grand-Bas-Armagnac
76	32	13	1	32160	5	(L')	ISLE-JOURDAIN	(L')	Isle-Jourdain
76	32	14	1	32208	0		LECTOURE-LOMAGNE		Lectoure-Lomagne
76	32	15	1	32256	0		MIRANDE-ASTARAC		Mirande-Astarac
76	32	16	1	32319	0		PARDIAC-RIVIERE-BASSE		Pardiac-Rivière-Basse
76	32	17	1	32410	0		VAL DE SAVE		Val de Save
75	33	01	1	33005	1		ANDERNOS-LES-BAINS		Andernos-les-Bains
75	33	02	4	33063	0		BORDEAUX-1		Bordeaux-1
75	33	03	4	33063	0		BORDEAUX-2		Bordeaux-2
75	33	04	4	33063	0		BORDEAUX-3		Bordeaux-3
75	33	05	4	33063	0		BORDEAUX-4		Bordeaux-4
75	33	06	4	33063	0		BORDEAUX-5		Bordeaux-5
75	33	07	1	33069	2	(LE)	BOUSCAT	(Le)	Bouscat
75	33	08	1	33213	3	(LA)	BREDE	(La)	Brède
75	33	09	1	33119	0		CENON		Cenon
75	33	10	1	33108	4	(LES)	COTEAUX DE DORDOGNE	(Les)	Coteaux de Dordogne
75	33	11	1	33140	0		CREON		Créon
75	33	12	1	33081	5	(L')	ENTRE-DEUX-MERS	(L')	Entre-Deux-Mers
75	33	13	1	33058	5	(L')	ESTUAIRE	(L')	Estuaire
75	33	14	1	33199	0		GUJAN-MESTRAS		Gujan-Mestras
75	33	15	1	33498	4	(LES)	LANDES DES GRAVES	(Les)	Landes des Graves
75	33	16	1	33243	2	(LE)	LIBOURNAIS-FRONSADAIS	(Le)	Libournais-Fronsadais
75	33	17	1	33249	0		LORMONT		Lormont
75	33	18	2	33281	0		MERIGNAC-1		Mérignac-1
75	33	19	2	33281	0		MERIGNAC-2		Mérignac-2
75	33	20	1	33366	2	(LE)	NORD-GIRONDE	(Le)	Nord-Gironde
75	33	21	1	33138	2	(LE)	NORD-LIBOURNAIS	(Le)	Nord-Libournais
75	33	22	1	33240	2	(LE)	NORD-MEDOC	(Le)	Nord-Médoc
75	33	23	2	33318	0		PESSAC-1		Pessac-1
75	33	24	2	33318	0		PESSAC-2		Pessac-2
75	33	25	1	33162	4	(LES)	PORTES DU MEDOC	(Les)	Portes du Médoc
75	33	26	1	33003	3	(LA)	PRESQU'ILE	(La)	Presqu'île
75	33	27	1	33324	2	(LE)	REOLAIS ET LES BASTIDES	(Le)	Réolais et Les Bastides
75	33	28	1	33449	0		SAINT-MEDARD-EN-JALLES		Saint-Médard-en-Jalles
75	33	29	1	33227	2	(LE)	SUD-GIRONDE	(Le)	Sud-Gironde
75	33	30	1	33214	2	(LE)	SUD-MEDOC	(Le)	Sud-Médoc
75	33	31	2	33522	0		TALENCE		Talence
75	33	32	1	33529	3	(LA)	TESTE-DE-BUCH	(La)	Teste-de-Buch
75	33	33	2	33550	0		VILLENAVE-D'ORNON		Villenave-d'Ornon
76	34	01	1	34003	1		AGDE		Agde
76	34	02	2	34032	0		BEZIERS-1		Béziers-1
76	34	03	2	34032	0		BEZIERS-2		Béziers-2
76	34	04	2	34032	0		BEZIERS-3		Béziers-3
76	34	05	1	34069	0		CAZOULS-LES-BEZIERS		Cazouls-lès-Béziers
76	34	06	1	34079	0		CLERMONT-L'HERAULT		Clermont-l'Hérault
76	34	07	1	34090	2	(LE)	CRES	(Le)	Crès
76	34	08	1	34108	0		FRONTIGNAN		Frontignan
76	34	09	1	34114	0		GIGNAC		Gignac
76	34	10	1	34129	0		LATTES		Lattes
76	34	11	1	34142	0		LODEVE		Lodève
76	34	12	1	34145	0		LUNEL		Lunel
76	34	13	1	34154	0		MAUGUIO		Mauguio
76	34	14	1	34157	0		MEZE		Mèze
76	34	15	2	34172	0		MONTPELLIER-1		Montpellier-1
76	34	16	4	34172	0		MONTPELLIER-2		Montpellier-2
76	34	17	4	34172	0		MONTPELLIER-3		Montpellier-3
76	34	18	4	34172	0		MONTPELLIER-4		Montpellier-4
76	34	19	4	34172	0		MONTPELLIER-5		Montpellier-5
76	34	20	2	34172	0		MONTPELLIER - CASTELNAU-LE-LEZ		Montpellier - Castelnau-le-Lez
76	34	21	1	34199	0		PEZENAS		Pézenas
76	34	22	1	34202	0		PIGNAN		Pignan
76	34	23	1	34255	0		SAINT-GELY-DU-FESC		Saint-Gély-du-Fesc
76	34	24	1	34284	0		SAINT-PONS-DE-THOMIERES		Saint-Pons-de-Thomières
76	34	25	1	34301	0		SETE		Sète
53	35	01	1	35004	1		ANTRAIN		Antrain
53	35	02	1	35012	0		BAIN-DE-BRETAGNE		Bain-de-Bretagne
53	35	03	1	35024	0		BETTON		Betton
53	35	04	1	35047	0		BRUZ		Bruz
53	35	05	1	35069	0		CHATEAUGIRON		Châteaugiron
53	35	06	1	35085	0		COMBOURG		Combourg
53	35	07	1	35095	0		DOL-DE-BRETAGNE		Dol-de-Bretagne
53	35	08	2	35115	0		FOUGERES-1		Fougères-1
53	35	09	2	35115	0		FOUGERES-2		Fougères-2
53	35	10	1	35125	3	(LA)	GUERCHE-DE-BRETAGNE	(La)	Guerche-de-Bretagne
53	35	11	1	35126	0		GUICHEN		Guichen
53	35	12	1	35136	0		JANZE		Janzé
53	35	13	1	35152	0		LIFFRE		Liffré
53	35	14	1	35173	0		MELESSE		Melesse
53	35	15	1	35184	0		MONTAUBAN-DE-BRETAGNE		Montauban-de-Bretagne
53	35	16	1	35188	0		MONTFORT-SUR-MEU		Montfort-sur-Meu
53	35	17	1	35236	0		REDON		Redon
53	35	18	4	35238	0		RENNES-1		Rennes-1
53	35	19	4	35238	0		RENNES-2		Rennes-2
53	35	20	2	35238	0		RENNES-3		Rennes-3
53	35	21	4	35238	0		RENNES-4		Rennes-4
53	35	22	2	35238	0		RENNES-5		Rennes-5
53	35	23	2	35238	0		RENNES-6		Rennes-6
53	35	24	1	35240	2	(LE)	RHEU	(Le)	Rheu
53	35	25	2	35288	0		SAINT-MALO-1		Saint-Malo-1
53	35	26	2	35288	0		SAINT-MALO-2		Saint-Malo-2
53	35	27	1	35360	0		VITRE		Vitré
24	36	01	1	36005	1		ARDENTES		Ardentes
24	36	02	1	36006	1		ARGENTON-SUR-CREUSE		Argenton-sur-Creuse
24	36	03	1	36018	2	(LE)	BLANC	(Le)	Blanc
24	36	04	1	36031	0		BUZANCAIS		Buzançais
24	36	05	2	36044	0		CHATEAUROUX-1		Châteauroux-1
24	36	06	4	36044	0		CHATEAUROUX-2		Châteauroux-2
24	36	07	4	36044	0		CHATEAUROUX-3		Châteauroux-3
24	36	08	1	36046	3	(LA)	CHATRE	(La)	Châtre
24	36	09	1	36088	1		ISSOUDUN		Issoudun
24	36	10	1	36093	0		LEVROUX		Levroux
24	36	11	1	36141	0		NEUVY-SAINT-SEPULCHRE		Neuvy-Saint-Sépulchre
24	36	12	1	36192	0		SAINT-GAULTIER		Saint-Gaultier
24	36	13	1	36228	0		VALENCAY		Valençay
24	37	01	1	37003	1		AMBOISE		Amboise
24	37	02	1	37018	0		BALLAN-MIRE		Ballan-Miré
24	37	03	1	37027	0		BLERE		Bléré
24	37	04	1	37063	0		CHATEAU-RENAULT		Château-Renault
24	37	05	1	37072	0		CHINON		Chinon
24	37	06	1	37115	0		DESCARTES		Descartes
24	37	07	1	37122	0		JOUE-LES-TOURS		Joué-lès-Tours
24	37	08	1	37123	0		LANGEAIS		Langeais
24	37	09	1	37132	0		LOCHES		Loches
24	37	10	1	37156	0		MONTLOUIS-SUR-LOIRE		Montlouis-sur-Loire
24	37	11	1	37159	0		MONTS		Monts
24	37	12	1	37214	0		SAINT-CYR-SUR-LOIRE		Saint-Cyr-sur-Loire
24	37	13	1	37226	0		SAINTE-MAURE-DE-TOURAINE		Sainte-Maure-de-Touraine
24	37	14	1	37233	0		SAINT-PIERRE-DES-CORPS		Saint-Pierre-des-Corps
24	37	15	4	37261	0		TOURS-1		Tours-1
24	37	16	4	37261	0		TOURS-2		Tours-2
24	37	17	4	37261	0		TOURS-3		Tours-3
24	37	18	4	37261	0		TOURS-4		Tours-4
24	37	19	1	37281	0		VOUVRAY		Vouvray
84	38	01	1	38130	0		BIEVRE		Bièvre
84	38	02	1	38053	0		BOURGOIN-JALLIEU		Bourgoin-Jallieu
84	38	03	1	38412	0		CHARTREUSE-GUIERS		Chartreuse-Guiers
84	38	04	1	38085	0		CHARVIEU-CHAVAGNEUX		Charvieu-Chavagneux
84	38	05	1	38151	1		ECHIROLLES		Échirolles
84	38	06	2	38169	0		FONTAINE-SEYSSINET		Fontaine-Seyssinet
84	38	07	2	38169	0		FONTAINE-VERCORS		Fontaine-Vercors
84	38	08	1	38182	2	(LE)	GRAND-LEMPS	(Le)	Grand-Lemps
84	38	09	4	38185	0		GRENOBLE-1		Grenoble-1
84	38	10	2	38185	0		GRENOBLE-2		Grenoble-2
84	38	11	4	38185	0		GRENOBLE-3		Grenoble-3
84	38	12	4	38185	0		GRENOBLE-4		Grenoble-4
84	38	13	1	38314	2	(LE)	HAUT-GRESIVAUDAN	(Le)	Haut-Grésivaudan
84	38	14	1	38193	5	(L')	ISLE-D'ABEAU	(L')	Isle-d'Abeau
84	38	15	1	38269	0		MATHEYSINE-TRIEVES		Matheysine-Trièves
84	38	16	1	38229	0		MEYLAN		Meylan
84	38	17	1	38261	0		MORESTEL		Morestel
84	38	18	1	38140	2	(LE)	MOYEN GRESIVAUDAN	(Le)	Moyen Grésivaudan
84	38	19	1	38562	1		OISANS-ROMANCHE		Oisans-Romanche
84	38	20	1	38317	2	(LE)	PONT-DE-CLAIX	(Le)	Pont-de-Claix
84	38	21	1	38344	0		ROUSSILLON		Roussillon
84	38	22	1	38421	0		SAINT-MARTIN-D'HERES		Saint-Martin-d'Hères
84	38	23	1	38416	2	(LE)	SUD GRESIVAUDAN	(Le)	Sud Grésivaudan
84	38	24	1	38509	3	(LA)	TOUR-DU-PIN	(La)	Tour-du-Pin
84	38	25	1	38517	0		TULLINS		Tullins
84	38	26	1	38537	3	(LA)	VERPILLIERE	(La)	Verpillière
84	38	27	2	38544	0		VIENNE-1		Vienne-1
84	38	28	2	38544	0		VIENNE-2		Vienne-2
84	38	29	1	38563	0		VOIRON		Voiron
27	39	01	1	39013	1		ARBOIS		Arbois
27	39	02	1	39030	1		AUTHUME		Authume
27	39	03	1	39056	0		BLETTERANS		Bletterans
27	39	04	1	39097	0		CHAMPAGNOLE		Champagnole
27	39	05	2	39198	0		DOLE-1		Dole-1
27	39	06	2	39198	0		DOLE-2		Dole-2
27	39	07	2	39300	0		LONS-LE-SAUNIER-1		Lons-le-Saunier-1
27	39	08	2	39300	0		LONS-LE-SAUNIER-2		Lons-le-Saunier-2
27	39	09	1	39333	0		MOIRANS-EN-MONTAGNE		Moirans-en-Montagne
27	39	10	1	39365	0		MONT-SOUS-VAUDREY		Mont-sous-Vaudrey
27	39	11	1	39368	0		MOREZ		Morez
27	39	12	1	39434	0		POLIGNY		Poligny
27	39	13	1	39475	0		SAINT-AMOUR		Saint-Amour
27	39	14	1	39478	0		SAINT-CLAUDE		Saint-Claude
27	39	15	1	39487	0		SAINT-LAURENT-EN-GRANDVAUX		Saint-Laurent-en-Grandvaux
27	39	16	1	39491	0		SAINT-LUPICIN		Saint-Lupicin
27	39	17	1	39526	0		TAVAUX		Tavaux
75	40	01	1	40001	1		ADOUR ARMAGNAC		Adour Armagnac
75	40	02	1	40119	0		CHALOSSE TURSAN		Chalosse Tursan
75	40	03	1	40184	0		COTE D'ARGENT		Côte d'Argent
75	40	04	1	40194	0		COTEAU DE CHALOSSE		Coteau de Chalosse
75	40	05	2	40088	0		DAX-1		Dax-1
75	40	06	2	40088	0		DAX-2		Dax-2
75	40	07	1	40217	0		GRANDS LACS		Grands Lacs
75	40	08	1	40135	0		HAUTE LANDE ARMAGNAC		Haute Lande Armagnac
75	40	09	1	40310	0		MARENSIN SUD		Marensin Sud
75	40	10	2	40192	0		MONT-DE-MARSAN-1		Mont-de-Marsan-1
75	40	11	2	40192	0		MONT-DE-MARSAN-2		Mont-de-Marsan-2
75	40	12	1	40224	1		ORTHE ET ARRIGANS		Orthe et Arrigans
75	40	13	1	40313	0		PAYS MORCENAIS TARUSATE		Pays morcenais tarusate
75	40	14	1	40284	0		PAYS TYROSSAIS		Pays Tyrossais
75	40	15	1	40273	0		SEIGNANX		Seignanx
24	41	01	1	41173	3	(LA)	BEAUCE	(La)	Beauce
24	41	02	4	41018	0		BLOIS-1		Blois-1
24	41	03	2	41018	0		BLOIS-2		Blois-2
24	41	04	2	41018	0		BLOIS-3		Blois-3
24	41	05	1	41034	0		CHAMBORD		Chambord
24	41	06	1	41149	0		MONTOIRE-SUR-LE-LOIR		Montoire-sur-le-Loir
24	41	07	1	41151	0		MONTRICHARD		Montrichard
24	41	08	1	41167	1		ONZAIN		Onzain
24	41	09	1	41238	2	(LE)	PERCHE	(Le)	Perche
24	41	10	1	41194	0		ROMORANTIN-LANTHENAY		Romorantin-Lanthenay
24	41	11	1	41198	0		SAINT-AIGNAN		Saint-Aignan
24	41	12	1	41242	0		SELLES-SUR-CHER		Selles-sur-Cher
24	41	13	1	41232	3	(LA)	SOLOGNE	(La)	Sologne
24	41	14	1	41269	0		VENDOME		Vendôme
24	41	15	2	41295	0		VINEUIL		Vineuil
84	42	01	1	42005	1		ANDREZIEUX-BOUTHEON		Andrézieux-Bouthéon
84	42	02	1	42019	0		BOEN-SUR-LIGNON		Boën-sur-Lignon
84	42	03	1	42052	0		CHARLIEU		Charlieu
84	42	04	1	42071	2	(LE)	COTEAU	(Le)	Coteau
84	42	05	1	42094	0		FEURS		Feurs
84	42	06	1	42095	0		FIRMINY		Firminy
84	42	07	1	42147	0		MONTBRISON		Montbrison
84	42	08	1	42168	2	(LE)	PILAT	(Le)	Pilat
84	42	09	1	42182	0		RENAISON		Renaison
84	42	10	1	42186	0		RIVE-DE-GIER		Rive-de-Gier
84	42	11	2	42187	0		ROANNE-1		Roanne-1
84	42	12	2	42187	0		ROANNE-2		Roanne-2
84	42	13	1	42207	0		SAINT-CHAMOND		Saint-Chamond
84	42	14	4	42218	0		SAINT-ETIENNE-1		Saint-Etienne-1
84	42	15	2	42218	0		SAINT-ETIENNE-2		Saint-Etienne-2
84	42	16	2	42218	0		SAINT-ETIENNE-3		Saint-Etienne-3
84	42	17	2	42218	0		SAINT-ETIENNE-4		Saint-Etienne-4
84	42	18	2	42218	0		SAINT-ETIENNE-5		Saint-Etienne-5
84	42	19	4	42218	0		SAINT-ETIENNE-6		Saint-Etienne-6
84	42	20	1	42279	0		SAINT-JUST-SAINT-RAMBERT		Saint-Just-Saint-Rambert
84	42	21	1	42302	0		SORBIERS		Sorbiers
84	43	01	1	43012	1		AUREC-SUR-LOIRE		Aurec-sur-Loire
84	43	02	1	43020	0		BAS-EN-BASSET		Bas-en-Basset
84	43	03	1	43244	0		BOUTIERES		Boutières
84	43	04	1	43040	0		BRIOUDE		Brioude
84	43	05	1	43224	4	(LES)	DEUX RIVIERES ET VALLEES	(Les)	Deux Rivières et Vallées
84	43	06	1	43200	1		EMBLAVEZ-ET-MEYGAL		Emblavez-et-Meygal
84	43	07	1	43112	0		GORGES DE L'ALLIER-GEVAUDAN		Gorges de l'Allier-Gévaudan
84	43	08	1	43051	0		MEZENC		Mézenc
84	43	09	1	43137	0		MONISTROL-SUR-LOIRE		Monistrol-sur-Loire
84	43	10	1	43132	0		PAYS DE LAFAYETTE		Pays de Lafayette
84	43	11	1	43080	0		PLATEAU DU HAUT-VELAY GRANITIQUE		Plateau du Haut-Velay granitique
84	43	12	2	43157	2	(LE)	PUY-EN-VELAY-1	(Le)	Puy-en-Velay-1
84	43	13	2	43157	2	(LE)	PUY-EN-VELAY-2	(Le)	Puy-en-Velay-2
84	43	14	2	43157	2	(LE)	PUY-EN-VELAY-3	(Le)	Puy-en-Velay-3
84	43	15	2	43157	2	(LE)	PUY-EN-VELAY-4	(Le)	Puy-en-Velay-4
84	43	16	1	43216	0		SAINT-PAULIEN		Saint-Paulien
84	43	17	1	43185	0		SAINTE-FLORINE		Sainte-Florine
84	43	18	1	43084	0		VELAY VOLCANIQUE		Velay volcanique
84	43	19	1	43268	1		YSSINGEAUX		Yssingeaux
52	44	01	1	44003	1		ANCENIS		Ancenis
52	44	02	1	44055	3	(LA)	BAULE-ESCOUBLAC	(La)	Baule-Escoublac
52	44	03	1	44015	0		BLAIN		Blain
52	44	04	1	44026	0		CARQUEFOU		Carquefou
52	44	05	1	44035	3	(LA)	CHAPELLE-SUR-ERDRE	(La)	Chapelle-sur-Erdre
52	44	06	1	44036	0		CHATEAUBRIANT		Châteaubriant
52	44	07	1	44043	0		CLISSON		Clisson
52	44	08	1	44067	0		GUEMENE-PENFAO		Guémené-Penfao
52	44	09	1	44069	0		GUERANDE		Guérande
52	44	10	1	44087	0		MACHECOUL		Machecoul
52	44	11	4	44109	0		NANTES-1		Nantes-1
52	44	12	4	44109	0		NANTES-2		Nantes-2
52	44	13	4	44109	0		NANTES-3		Nantes-3
52	44	14	4	44109	0		NANTES-4		Nantes-4
52	44	15	4	44109	0		NANTES-5		Nantes-5
52	44	16	4	44109	0		NANTES-6		Nantes-6
52	44	17	4	44109	0		NANTES-7		Nantes-7
52	44	18	1	44110	0		NORT-SUR-ERDRE		Nort-sur-Erdre
52	44	19	1	44129	0		PONTCHATEAU		Pontchâteau
52	44	20	1	44131	0		PORNIC		Pornic
52	44	21	2	44143	0		REZE-1		Rezé-1
52	44	22	4	44143	0		REZE-2		Rezé-2
52	44	23	1	44154	0		SAINT-BREVIN-LES-PINS		Saint-Brevin-les-Pins
52	44	24	2	44162	0		SAINT-HERBLAIN-1		Saint-Herblain-1
52	44	25	2	44162	0		SAINT-HERBLAIN-2		Saint-Herblain-2
52	44	26	4	44184	0		SAINT-NAZAIRE-1		Saint-Nazaire-1
52	44	27	2	44184	0		SAINT-NAZAIRE-2		Saint-Nazaire-2
52	44	28	1	44188	0		SAINT-PHILBERT-DE-GRAND-LIEU		Saint-Philbert-de-Grand-Lieu
52	44	29	1	44190	0		SAINT-SEBASTIEN-SUR-LOIRE		Saint-Sébastien-sur-Loire
52	44	30	1	44212	0		VALLET		Vallet
52	44	31	1	44215	0		VERTOU		Vertou
24	45	01	1	45028	0		BEAUGENCY		Beaugency
24	45	02	1	45068	0		CHALETTE-SUR-LOING		Châlette-sur-Loing
24	45	03	1	45082	0		CHATEAUNEUF-SUR-LOIRE		Châteauneuf-sur-Loire
24	45	04	1	45115	0		COURTENAY		Courtenay
24	45	05	2	45146	3	(LA)	FERTE-SAINT-AUBIN	(La)	Ferté-Saint-Aubin
24	45	06	1	45147	0		FLEURY-LES-AUBRAIS		Fleury-les-Aubrais
24	45	07	1	45155	0		GIEN		Gien
24	45	08	1	45187	0		LORRIS		Lorris
24	45	09	1	45191	0		MALESHERBES		Malesherbes
24	45	10	1	45203	0		MEUNG-SUR-LOIRE		Meung-sur-Loire
24	45	11	1	45208	0		MONTARGIS		Montargis
24	45	12	1	45232	1		OLIVET		Olivet
24	45	13	4	45234	1		ORLEANS-1		Orléans-1
24	45	14	4	45234	1		ORLEANS-2		Orléans-2
24	45	15	2	45234	1		ORLEANS-3		Orléans-3
24	45	16	4	45234	1		ORLEANS-4		Orléans-4
24	45	17	1	45252	0		PITHIVIERS		Pithiviers
24	45	18	1	45284	0		SAINT-JEAN-DE-BRAYE		Saint-Jean-de-Braye
24	45	19	1	45285	0		SAINT-JEAN-DE-LA-RUELLE		Saint-Jean-de-la-Ruelle
24	45	20	1	45286	0		SAINT-JEAN-LE-BLANC		Saint-Jean-le-Blanc
24	45	21	1	45315	0		SULLY-SUR-LOIRE		Sully-sur-Loire
76	46	01	2	46042	0		CAHORS-1		Cahors-1
76	46	02	2	46042	0		CAHORS-2		Cahors-2
76	46	03	2	46042	0		CAHORS-3		Cahors-3
76	46	04	1	46095	0		CAUSSE ET BOURIANE		Causse et Bouriane
76	46	05	1	46045	0		CAUSSE ET VALLEES		Causse et Vallées
76	46	06	1	46029	0		CERE ET SEGALA		Cère et Ségala
76	46	07	2	46102	0		FIGEAC-1		Figeac-1
76	46	08	2	46102	0		FIGEAC-2		Figeac-2
76	46	09	1	46127	0		GOURDON		Gourdon
76	46	10	1	46128	0		GRAMAT		Gramat
76	46	11	1	46143	0		LACAPELLE-MARIVAL		Lacapelle-Marival
76	46	12	1	46182	0		LUZECH		Luzech
76	46	13	1	46063	0		MARCHES DU SUD-QUERCY		Marches du Sud-Quercy
76	46	14	1	46185	0		MARTEL		Martel
76	46	15	1	46231	0		PUY-L'EVEQUE		Puy-l'Evêque
76	46	16	1	46251	0		SAINT-CERE		Saint-Céré
76	46	17	1	46309	0		SOUILLAC		Souillac
75	47	01	2	47001	1		AGEN-1		Agen-1
75	47	02	2	47001	1		AGEN-2		Agen-2
75	47	03	4	47001	1		AGEN-3		Agen-3
75	47	04	2	47001	1		AGEN-4		Agen-4
75	47	05	1	47195	5	(L')	ALBRET	(L')	Albret
75	47	06	1	47004	2	(LE)	CONFLUENT	(Le)	Confluent
75	47	07	1	47086	4	(LES)	COTEAUX DE GUYENNE	(Les)	Coteaux de Guyenne
75	47	08	1	47052	4	(LES)	FORETS DE GASCOGNE	(Les)	Forêts de Gascogne
75	47	09	1	47106	2	(LE)	FUMELOIS	(Le)	Fumélois
75	47	10	1	47175	2	(LE)	HAUT AGENAIS PERIGORD	(Le)	Haut Agenais Périgord
75	47	11	1	47143	0		LAVARDAC		Lavardac
75	47	12	1	47252	2	(LE)	LIVRADAIS	(Le)	Livradais
75	47	13	2	47157	0		MARMANDE-1		Marmande-1
75	47	14	2	47157	0		MARMANDE-2		Marmande-2
75	47	15	1	47069	5	(L')	OUEST AGENAIS	(L')	Ouest agenais
75	47	16	1	47203	2	(LE)	PAYS DE SERRES	(Le)	Pays de Serres
75	47	17	1	47145	2	(LE)	SUD-EST AGENAIS	(Le)	Sud-Est agenais
75	47	18	1	47310	0		TONNEINS		Tonneins
75	47	19	1	47168	2	(LE)	VAL DU DROPT	(Le)	Val du Dropt
75	47	20	2	47323	0		VILLENEUVE-SUR-LOT-1		Villeneuve-sur-Lot-1
75	47	21	2	47323	0		VILLENEUVE-SUR-LOT-2		Villeneuve-sur-Lot-2
76	48	01	1	48009	1		AUMONT-AUBRAC		Aumont-Aubrac
76	48	02	1	48034	3	(LA)	CANOURGUE	(La)	Canourgue
76	48	03	1	48049	0		CHIRAC		Chirac
76	48	04	1	48051	2	(LE)	COLLET-DE-DEZE	(Le)	Collet-de-Dèze
76	48	05	1	48061	0		FLORAC		Florac
76	48	06	1	48070	0		GRANDRIEU		Grandrieu
76	48	07	1	48080	0		LANGOGNE		Langogne
76	48	08	1	48092	0		MARVEJOLS		Marvejols
76	48	09	4	48095	0		MENDE-1		Mende-1
76	48	10	4	48095	0		MENDE-2		Mende-2
76	48	11	1	48132	0		SAINT-ALBAN-SUR-LIMAGNOLE		Saint-Alban-sur-Limagnole
76	48	12	1	48140	0		SAINT-CHELY-D'APCHER		Saint-Chély-d'Apcher
76	48	13	1	48147	0		SAINT-ETIENNE-DU-VALDONNEZ		Saint-Etienne-du-Valdonnez
52	49	01	4	49007	1		ANGERS-1		Angers-1
52	49	02	2	49007	1		ANGERS-2		Angers-2
52	49	03	2	49007	1		ANGERS-3		Angers-3
52	49	04	2	49007	1		ANGERS-4		Angers-4
52	49	05	2	49007	1		ANGERS-5		Angers-5
52	49	06	2	49007	1		ANGERS-6		Angers-6
52	49	07	2	49007	1		ANGERS-7		Angers-7
52	49	08	1	49021	0		BEAUFORT-EN-VALLEE		Beaufort-en-Vallée
52	49	09	1	49023	0		BEAUPREAU		Beaupréau
52	49	10	1	49063	0		CHALONNES-SUR-LOIRE		Chalonnes-sur-Loire
52	49	11	1	49092	0		CHEMILLE-MELAY		Chemillé-Melay
52	49	12	4	49099	0		CHOLET-1		Cholet-1
52	49	13	2	49099	0		CHOLET-2		Cholet-2
52	49	14	1	49125	0		DOUE-LA-FONTAINE		Doué-la-Fontaine
52	49	15	1	49180	0		LONGUE-JUMELLES		Longué-Jumelles
52	49	16	1	49244	3	(LA)	POMMERAYE	(La)	Pommeraye
52	49	17	1	49246	4	(LES)	PONTS-DE-CE	(Les)	Ponts-de-Cé
52	49	18	1	49301	0		SAINT-MACAIRE-EN-MAUGES		Saint-Macaire-en-Mauges
52	49	19	1	49328	0		SAUMUR		Saumur
52	49	20	1	49331	0		SEGRE		Segré
52	49	21	1	49347	0		TIERCE		Tiercé
28	50	01	1	50003	1		AGON-COUTAINVILLE		Agon-Coutainville
28	50	02	1	50025	1		AVRANCHES		Avranches
28	50	03	1	50076	0		BREHAL		Bréhal
28	50	04	1	50082	0		BRICQUEBEC		Bricquebec
28	50	05	1	50099	0		CARENTAN		Carentan
28	50	06	4	50129	0		CHERBOURG-OCTEVILLE-1		Cherbourg-Octeville-1
28	50	07	2	50129	0		CHERBOURG-OCTEVILLE-2		Cherbourg-Octeville-2
28	50	08	2	50129	0		CHERBOURG-OCTEVILLE-3		Cherbourg-Octeville-3
28	50	09	1	50139	0		CONDE-SUR-VIRE		Condé-sur-Vire
28	50	10	1	50147	0		COUTANCES		Coutances
28	50	11	1	50151	0		CREANCES		Créances
28	50	12	1	50173	1		EQUEURDREVILLE-HAINNEVILLE		Équeurdreville-Hainneville
28	50	13	1	50218	0		GRANVILLE		Granville
28	50	14	1	50416	3	(LA)	HAGUE	(La)	Hague
28	50	15	1	50256	1		ISIGNY-LE-BUAT		Isigny-le-Buat
28	50	16	1	50359	2	(LE)	MORTAINAIS	(Le)	Mortainais
28	50	17	1	50402	4	(LES)	PIEUX	(Les)	Pieux
28	50	18	1	50409	0		PONT-HEBERT		Pont-Hébert
28	50	19	1	50410	0		PONTORSON		Pontorson
28	50	20	1	50419	0		QUETTREVILLE-SUR-SIENNE		Quettreville-sur-Sienne
28	50	21	1	50484	0		SAINT-HILAIRE-DU-HARCOUET		Saint-Hilaire-du-Harcouët
28	50	22	2	50502	0		SAINT-LO-1		Saint-Lô-1
28	50	23	2	50502	0		SAINT-LO-2		Saint-Lô-2
28	50	24	1	50602	0		TOURLAVILLE		Tourlaville
28	50	25	1	50615	0		VALOGNES		Valognes
28	50	26	1	50562	0		VAL-DE-SAIRE		Val-de-Saire
28	50	27	1	50639	0		VILLEDIEU-LES-POELES		Villedieu-les-Poêles
44	51	01	1	51507	1		ARGONNE SUIPPE ET VESLE		Argonne Suippe et Vesle
44	51	02	1	51075	0		BOURGOGNE		Bourgogne
44	51	03	2	51108	0		CHALONS-EN-CHAMPAGNE-1		Châlons-en-Champagne-1
44	51	04	2	51108	0		CHALONS-EN-CHAMPAGNE-2		Châlons-en-Champagne-2
44	51	05	2	51108	0		CHALONS-EN-CHAMPAGNE-3		Châlons-en-Champagne-3
44	51	06	1	51217	0		DORMANS-PAYSAGES DE CHAMPAGNE		Dormans-Paysages de Champagne
44	51	07	2	51230	1		EPERNAY-1		Épernay-1
44	51	08	2	51230	1		EPERNAY-2		Épernay-2
44	51	09	1	51250	0		FISMES-MONTAGNE DE REIMS		Fismes-Montagne de Reims
44	51	10	1	51388	0		MOURMELON-VESLE ET MONTS DE CHAMPAGNE		Mourmelon-Vesle et Monts de Champagne
44	51	11	4	51454	0		REIMS-1		Reims-1
44	51	12	4	51454	0		REIMS-2		Reims-2
44	51	13	4	51454	0		REIMS-3		Reims-3
44	51	14	2	51454	0		REIMS-4		Reims-4
44	51	15	2	51454	0		REIMS-5		Reims-5
44	51	16	4	51454	0		REIMS-6		Reims-6
44	51	17	4	51454	0		REIMS-7		Reims-7
44	51	18	2	51454	0		REIMS-8		Reims-8
44	51	19	4	51454	0		REIMS-9		Reims-9
44	51	20	1	51531	0		SERMAIZE-LES-BAINS		Sermaize-les-Bains
44	51	21	1	51535	0		SEZANNE-BRIE ET CHAMPAGNE		Sézanne-Brie et Champagne
44	51	22	1	51612	0		VERTUS-PLAINE CHAMPENOISE		Vertus-Plaine Champenoise
44	51	23	1	51649	0		VITRY-LE-FRANCOIS-CHAMPAGNE ET DER		Vitry-le-François-Champagne et Der
44	52	01	1	52058	0		BOLOGNE		Bologne
44	52	02	1	52060	0		BOURBONNE-LES-BAINS		Bourbonne-les-Bains
44	52	03	1	52093	0		CHALINDREY		Chalindrey
44	52	04	1	52114	0		CHATEAUVILLAIN		Châteauvillain
44	52	05	2	52121	0		CHAUMONT-1		Chaumont-1
44	52	06	2	52121	0		CHAUMONT-2		Chaumont-2
44	52	07	2	52121	0		CHAUMONT-3		Chaumont-3
44	52	08	1	52194	1		EURVILLE-BIENVILLE		Eurville-Bienville
44	52	09	1	52250	0		JOINVILLE		Joinville
44	52	10	1	52269	0		LANGRES		Langres
44	52	11	1	52353	0		NOGENT		Nogent
44	52	12	1	52398	0		POISSONS		Poissons
44	52	13	2	52448	0		SAINT-DIZIER-1		Saint-Dizier-1
44	52	14	4	52448	0		SAINT-DIZIER-2		Saint-Dizier-2
44	52	15	2	52448	0		SAINT-DIZIER-3		Saint-Dizier-3
44	52	16	1	52529	0		VILLEGUSIEN-LE-LAC		Villegusien-le-Lac
44	52	17	1	52550	0		WASSY		Wassy
52	53	01	1	53014	1		AZE		Azé
52	53	02	1	53034	0		BONCHAMP-LES-LAVAL		Bonchamp-lès-Laval
52	53	03	1	53062	0		CHATEAU-GONTIER		Château-Gontier
52	53	04	1	53077	0		COSSE-LE-VIVIEN		Cossé-le-Vivien
52	53	05	1	53096	1		ERNEE		Ernée
52	53	06	1	53097	1		EVRON		Évron
52	53	07	1	53107	0		GORRON		Gorron
52	53	08	1	53119	5	(L')	HUISSERIE	(L')	Huisserie
52	53	09	1	53127	0		LASSAY-LES-CHATEAUX		Lassay-les-Châteaux
52	53	10	4	53130	0		LAVAL-1		Laval-1
52	53	11	4	53130	0		LAVAL-2		Laval-2
52	53	12	4	53130	0		LAVAL-3		Laval-3
52	53	13	1	53137	0		LOIRON		Loiron
52	53	14	1	53147	0		MAYENNE		Mayenne
52	53	15	1	53152	0		MESLAY-DU-MAINE		Meslay-du-Maine
52	53	16	1	53201	0		SAINT-BERTHEVIN		Saint-Berthevin
52	53	17	1	53271	0		VILLAINES-LA-JUHEL		Villaines-la-Juhel
44	54	01	1	54039	0		BACCARAT		Baccarat
44	54	02	1	54157	1		ENTRE SEILLE ET MEURTHE		Entre Seille et Meurthe
44	54	03	1	54300	0		GRAND COURONNE		Grand Couronné
44	54	04	1	54273	0		JARNY		Jarny
44	54	05	1	54274	0		JARVILLE-LA-MALGRANGE		Jarville-la-Malgrange
44	54	06	1	54304	0		LAXOU		Laxou
44	54	07	1	54323	0		LONGWY		Longwy
44	54	08	2	54329	0		LUNEVILLE-1		Lunéville-1
44	54	09	2	54329	0		LUNEVILLE-2		Lunéville-2
44	54	10	1	54563	0		MEINE AU SAINTOIS		Meine au Saintois
44	54	11	1	54382	0		MONT-SAINT-MARTIN		Mont-Saint-Martin
44	54	12	4	54395	0		NANCY-1		Nancy-1
44	54	13	4	54395	0		NANCY-2		Nancy-2
44	54	14	4	54395	0		NANCY-3		Nancy-3
44	54	15	1	54397	0		NEUVES-MAISONS		Neuves-Maisons
44	54	16	1	54318	2	(LE)	NORD-TOULOIS	(Le)	Nord-Toulois
44	54	17	1	54280	0		PAYS DE BRIEY		Pays de Briey
44	54	18	1	54431	0		PONT-A-MOUSSON		Pont-à-Mousson
44	54	19	1	54482	0		SAINT-MAX		Saint-Max
44	54	20	1	54528	0		TOUL		Toul
44	54	21	1	54357	0		VAL DE LORRAINE SUD		Val de Lorraine Sud
44	54	22	1	54547	0		VANDUVRE-LES-NANCY		Vanduvre-lès-Nancy
44	54	23	1	54580	0		VILLERUPT		Villerupt
44	55	01	1	55010	1		ANCERVILLE		Ancerville
44	55	02	2	55029	0		BAR-LE-DUC-1		Bar-le-Duc-1
44	55	03	2	55029	0		BAR-LE-DUC-2		Bar-le-Duc-2
44	55	04	1	55043	0		BELLEVILLE-SUR-MEUSE		Belleville-sur-Meuse
44	55	05	1	55063	0		BOULIGNY		Bouligny
44	55	06	1	55117	0		CLERMONT-EN-ARGONNE		Clermont-en-Argonne
44	55	07	1	55122	0		COMMERCY		Commercy
44	55	08	1	55154	0		DIEUE-SUR-MEUSE		Dieue-sur-Meuse
44	55	09	1	55181	1		ETAIN		Étain
44	55	10	1	55291	0		LIGNY-EN-BARROIS		Ligny-en-Barrois
44	55	11	1	55351	0		MONTMEDY		Montmédy
44	55	12	1	55427	0		REVIGNY-SUR-ORNAIN		Revigny-sur-Ornain
44	55	13	1	55463	0		SAINT-MIHIEL		Saint-Mihiel
44	55	14	1	55502	0		STENAY		Stenay
44	55	15	1	55533	0		VAUCOULEURS		Vaucouleurs
44	55	16	2	55545	0		VERDUN-1		Verdun-1
44	55	17	2	55545	0		VERDUN-2		Verdun-2
53	56	01	1	56007	1		AURAY		Auray
53	56	02	1	56066	0		GOURIN		Gourin
53	56	03	1	56067	0		GRAND-CHAMP		Grand-Champ
53	56	04	1	56075	0		GUER		Guer
53	56	05	1	56078	0		GUIDEL		Guidel
53	56	06	1	56083	1		HENNEBONT		Hennebont
53	56	07	1	56098	0		LANESTER		Lanester
53	56	08	4	56121	0		LORIENT-1		Lorient-1
53	56	09	2	56121	0		LORIENT-2		Lorient-2
53	56	10	1	56140	0		MOREAC		Moréac
53	56	11	1	56143	0		MUZILLAC		Muzillac
53	56	12	1	56162	0		PLOEMEUR		Ploemeur
53	56	13	1	56165	0		PLOERMEL		Ploërmel
53	56	14	1	56177	0		PLUVIGNER		Pluvigner
53	56	15	1	56178	0		PONTIVY		Pontivy
53	56	16	1	56184	0		QUESTEMBERT		Questembert
53	56	17	1	56186	0		QUIBERON		Quiberon
53	56	18	1	56243	0		SENE		Séné
53	56	19	4	56260	0		VANNES-1		Vannes-1
53	56	20	2	56260	0		VANNES-2		Vannes-2
53	56	21	2	56260	0		VANNES-3		Vannes-3
44	57	01	1	57012	1		ALGRANGE		Algrange
44	57	02	1	57089	0		BITCHE		Bitche
44	57	03	1	57097	0		BOULAY-MOSELLE		Boulay-Moselle
44	57	04	1	57106	0		BOUZONVILLE		Bouzonville
44	57	05	1	57487	4	(LES)	COTEAUX DE MOSELLE	(Les)	Coteaux de Moselle
44	57	06	1	57206	0		FAMECK		Fameck
44	57	07	1	57209	0		FAULQUEMONT		Faulquemont
44	57	08	1	57227	0		FORBACH		Forbach
44	57	09	1	57240	0		FREYMING-MERLEBACH		Freyming-Merlebach
44	57	10	1	57306	1		HAYANGE		Hayange
44	57	11	4	57463	0		METZ-1		Metz-1
44	57	12	4	57463	0		METZ-2		Metz-2
44	57	13	4	57463	0		METZ-3		Metz-3
44	57	14	1	57465	0		METZERVISSE		Metzervisse
44	57	15	1	57480	0		MONTIGNY-LES-METZ		Montigny-lès-Metz
44	57	16	1	57155	2	(LE)	PAYS MESSIN	(Le)	Pays Messin
44	57	17	1	57540	0		PHALSBOURG		Phalsbourg
44	57	18	1	57591	0		ROMBAS		Rombas
44	57	19	1	57606	0		SAINT-AVOLD		Saint-Avold
44	57	20	1	57628	0		SARRALBE		Sarralbe
44	57	21	1	57630	0		SARREBOURG		Sarrebourg
44	57	22	1	57631	0		SARREGUEMINES		Sarreguemines
44	57	23	1	57132	2	(LE)	SAULNOIS	(Le)	Saulnois
44	57	24	1	57433	2	(LE)	SILLON MOSELLAN	(Le)	Sillon Mosellan
44	57	25	1	57660	0		STIRING-WENDEL		Stiring-Wendel
44	57	26	2	57672	0		THIONVILLE		Thionville
44	57	27	2	57757	1		YUTZ		Yutz
27	58	01	1	58059	3	(LA)	CHARITE-SUR-LOIRE	(La)	Charité-sur-Loire
27	58	02	1	58062	0		CHATEAU-CHINON		Château-Chinon
27	58	03	1	58079	0		CLAMECY		Clamecy
27	58	04	1	58083	0		CORBIGNY		Corbigny
27	58	05	1	58086	0		COSNE-COURS-SUR-LOIRE		Cosne-Cours-sur-Loire
27	58	06	1	58095	0		DECIZE		Decize
27	58	07	1	58117	0		FOURCHAMBAULT		Fourchambault
27	58	08	1	58131	0		GUERIGNY		Guérigny
27	58	09	1	58134	1		IMPHY		Imphy
27	58	10	1	58149	0		LUZY		Luzy
27	58	11	2	58194	0		NEVERS-1		Nevers-1
27	58	12	2	58194	0		NEVERS-2		Nevers-2
27	58	13	2	58194	0		NEVERS-3		Nevers-3
27	58	14	4	58194	0		NEVERS-4		Nevers-4
27	58	15	1	58215	0		POUILLY-SUR-LOIRE		Pouilly-sur-Loire
27	58	16	1	58264	0		SAINT-PIERRE-LE-MOUTIER		Saint-Pierre-le-Moûtier
27	58	17	1	58303	0		VARENNES-VAUZELLES		Varennes-Vauzelles
32	59	01	1	59008	1		ANICHE		Aniche
32	59	02	1	59011	1		ANNULLIN		Annullin
32	59	03	1	59014	1		ANZIN		Anzin
32	59	04	1	59017	1		ARMENTIERES		Armentières
32	59	05	1	59033	1		AULNOYE-AYMERIES		Aulnoye-Aymeries
32	59	06	1	59032	1		AULNOY-LEZ-VALENCIENNES		Aulnoy-lez-Valenciennes
32	59	07	1	59036	1		AVESNES-SUR-HELPE		Avesnes-sur-Helpe
32	59	08	1	59043	0		BAILLEUL		Bailleul
32	59	09	1	59122	0		CAMBRAI		Cambrai
32	59	10	1	59136	2	(LE)	CATEAU-CAMBRESIS	(Le)	Cateau-Cambrésis
32	59	11	1	59139	0		CAUDRY		Caudry
32	59	12	1	59155	0		COUDEKERQUE-BRANCHE		Coudekerque-Branche
32	59	13	1	59163	0		CROIX		Croix
32	59	14	1	59172	0		DENAIN		Denain
32	59	15	1	59178	0		DOUAI		Douai
32	59	16	4	59183	0		DUNKERQUE-1		Dunkerque-1
32	59	17	2	59183	0		DUNKERQUE-2		Dunkerque-2
32	59	18	1	59220	0		FACHES-THUMESNIL		Faches-Thumesnil
32	59	19	1	59249	0		FOURMIES		Fourmies
32	59	20	2	59271	0		GRANDE-SYNTHE		Grande-Synthe
32	59	21	1	59295	1		HAZEBROUCK		Hazebrouck
32	59	22	1	59328	0		LAMBERSART		Lambersart
32	59	23	2	59350	0		LILLE-1		Lille-1
32	59	24	2	59350	0		LILLE-2		Lille-2
32	59	25	2	59350	0		LILLE-3		Lille-3
32	59	26	2	59350	0		LILLE-4		Lille-4
32	59	27	4	59350	0		LILLE-5		Lille-5
32	59	28	2	59350	0		LILLE-6		Lille-6
32	59	29	1	59383	0		MARLY		Marly
32	59	30	1	59392	0		MAUBEUGE		Maubeuge
32	59	31	1	59449	1		ORCHIES		Orchies
32	59	32	4	59512	0		ROUBAIX-1		Roubaix-1
32	59	33	2	59512	0		ROUBAIX-2		Roubaix-2
32	59	34	1	59526	0		SAINT-AMAND-LES-EAUX		Saint-Amand-les-Eaux
32	59	35	1	59569	0		SIN-LE-NOBLE		Sin-le-Noble
32	59	36	1	59586	0		TEMPLEUVE		Templeuve
32	59	37	2	59599	0		TOURCOING-1		Tourcoing-1
32	59	38	4	59599	0		TOURCOING-2		Tourcoing-2
32	59	39	1	59606	0		VALENCIENNES		Valenciennes
32	59	40	1	59009	0		VILLENEUVE-D'ASCQ		Villeneuve-d'Ascq
32	59	41	1	59663	0		WORMHOUT		Wormhout
32	60	01	2	60057	0		BEAUVAIS-1		Beauvais-1
32	60	02	2	60057	0		BEAUVAIS-2		Beauvais-2
32	60	03	1	60141	0		CHANTILLY		Chantilly
32	60	04	1	60143	0		CHAUMONT-EN-VEXIN		Chaumont-en-Vexin
32	60	05	1	60157	0		CLERMONT		Clermont
32	60	06	2	60159	0		COMPIEGNE-1		Compiègne-1
32	60	07	2	60159	0		COMPIEGNE-2		Compiègne-2
32	60	08	1	60175	0		CREIL		Creil
32	60	09	1	60176	0		CREPY-EN-VALOIS		Crépy-en-Valois
32	60	10	1	60223	1		ESTREES-SAINT-DENIS		Estrées-Saint-Denis
32	60	11	1	60286	0		GRANDVILLIERS		Grandvilliers
32	60	12	1	60395	0		MERU		Méru
32	60	13	1	60414	0		MONTATAIRE		Montataire
32	60	14	1	60439	0		MOUY		Mouy
32	60	15	1	60446	0		NANTEUIL-LE-HAUDOUIN		Nanteuil-le-Haudouin
32	60	16	1	60463	0		NOGENT-SUR-OISE		Nogent-sur-Oise
32	60	17	1	60471	0		NOYON		Noyon
32	60	18	1	60509	0		PONT-SAINTE-MAXENCE		Pont-Sainte-Maxence
32	60	19	1	60581	0		SAINT-JUST-EN-CHAUSSEE		Saint-Just-en-Chaussée
32	60	20	1	60612	0		SENLIS		Senlis
32	60	21	1	60636	0		THOUROTTE		Thourotte
28	61	01	1	61214	5	(L')	AIGLE	(L')	Aigle
28	61	02	2	61001	1		ALENCON-1		Alençon-1
28	61	03	2	61001	1		ALENCON-2		Alençon-2
28	61	04	2	61006	1		ARGENTAN-1		Argentan-1
28	61	05	2	61006	1		ARGENTAN-2		Argentan-2
28	61	06	1	61007	1		ATHIS-DE-L'ORNE		Athis-de-l'Orne
28	61	07	1	61483	0		BAGNOLES-DE-L'ORNE		Bagnoles-de-l'Orne
28	61	08	1	61061	0		BRETONCELLES		Bretoncelles
28	61	09	1	61079	0		CETON		Ceton
28	61	10	1	61143	0		DAMIGNY		Damigny
28	61	11	1	61145	0		DOMFRONT		Domfront
28	61	12	1	61168	3	(LA)	FERTE-MACE	(La)	Ferté-Macé
28	61	13	2	61169	0		FLERS-1		Flers-1
28	61	14	2	61169	0		FLERS-2		Flers-2
28	61	15	1	61243	0		MAGNY-LE-DESERT		Magny-le-Désert
28	61	16	1	61293	0		MORTAGNE-AU-PERCHE		Mortagne-au-Perche
28	61	17	1	61341	0		RADON		Radon
28	61	18	1	61342	0		RAI		Rai
28	61	19	1	61464	0		SEES		Sées
28	61	20	1	61491	0		TOUROUVRE		Tourouvre
28	61	21	1	61508	0		VIMOUTIERS		Vimoutiers
32	62	01	1	62014	1		AIRE-SUR-LA-LYS		Aire-sur-la-Lys
32	62	02	2	62041	1		ARRAS-1		Arras-1
32	62	03	2	62041	1		ARRAS-2		Arras-2
32	62	04	2	62041	1		ARRAS-3		Arras-3
32	62	05	1	62048	1		AUCHEL		Auchel
32	62	06	1	62060	1		AUXI-LE-CHATEAU		Auxi-le-Château
32	62	07	1	62063	1		AVESNES-LE-COMTE		Avesnes-le-Comte
32	62	08	1	62065	1		AVION		Avion
32	62	09	1	62080	0		BAPAUME		Bapaume
32	62	10	1	62108	0		BERCK		Berck
32	62	11	1	62119	0		BETHUNE		Béthune
32	62	12	1	62126	0		BEUVRY		Beuvry
32	62	13	2	62160	0		BOULOGNE-SUR-MER-1		Boulogne-sur-Mer-1
32	62	14	2	62160	0		BOULOGNE-SUR-MER-2		Boulogne-sur-Mer-2
32	62	15	1	62173	0		BREBIERES		Brebières
32	62	16	1	62178	0		BRUAY-LA-BUISSIERE		Bruay-la-Buissière
32	62	17	1	62186	0		BULLY-LES-MINES		Bully-les-Mines
32	62	18	2	62193	0		CALAIS-1		Calais-1
32	62	19	2	62193	0		CALAIS-2		Calais-2
32	62	20	4	62193	0		CALAIS-3		Calais-3
32	62	21	1	62215	0		CARVIN		Carvin
32	62	22	1	62268	0		DESVRES		Desvres
32	62	23	1	62276	0		DOUVRIN		Douvrin
32	62	24	1	62318	1		ETAPLES		Étaples
32	62	25	1	62364	0		FRUGES		Fruges
32	62	26	1	62413	0		HARNES		Harnes
32	62	27	2	62427	1		HENIN-BEAUMONT-1		Hénin-Beaumont-1
32	62	28	2	62427	1		HENIN-BEAUMONT-2		Hénin-Beaumont-2
32	62	29	1	62498	0		LENS		Lens
32	62	30	1	62510	0		LIEVIN		Liévin
32	62	31	1	62516	0		LILLERS		Lillers
32	62	32	1	62525	0		LONGUENESSE		Longuenesse
32	62	33	1	62534	0		LUMBRES		Lumbres
32	62	34	1	62548	0		MARCK		Marck
32	62	35	1	62617	0		NUX-LES-MINES		Nux-les-Mines
32	62	36	1	62643	1		OUTREAU		Outreau
32	62	37	1	62765	0		SAINT-OMER		Saint-Omer
32	62	38	1	62767	0		SAINT-POL-SUR-TERNOISE		Saint-Pol-sur-Ternoise
32	62	39	1	62895	0		WINGLES		Wingles
84	63	01	1	63001	1		AIGUEPERSE		Aigueperse
84	63	02	1	63003	1		AMBERT		Ambert
84	63	03	1	63014	1		AUBIERE		Aubière
84	63	04	1	63032	0		BEAUMONT		Beaumont
84	63	05	1	63040	0		BILLOM		Billom
84	63	06	1	63050	0		BRASSAC-LES-MINES		Brassac-les-Mines
84	63	07	1	63063	0		CEBAZAT		Cébazat
84	63	08	1	63075	0		CHAMALIERES		Chamalières
84	63	09	1	63103	0		CHATEL-GUYON		Châtel-Guyon
84	63	10	4	63113	0		CLERMONT-FERRAND-1		Clermont-Ferrand-1
84	63	11	4	63113	0		CLERMONT-FERRAND-2		Clermont-Ferrand-2
84	63	12	4	63113	0		CLERMONT-FERRAND-3		Clermont-Ferrand-3
84	63	13	4	63113	0		CLERMONT-FERRAND-4		Clermont-Ferrand-4
84	63	14	4	63113	0		CLERMONT-FERRAND-5		Clermont-Ferrand-5
84	63	15	4	63113	0		CLERMONT-FERRAND-6		Clermont-Ferrand-6
84	63	16	1	63124	0		COURNON-D'AUVERGNE		Cournon-d'Auvergne
84	63	17	1	63164	0		GERZAT		Gerzat
84	63	18	1	63178	1		ISSOIRE		Issoire
84	63	19	1	63195	0		LEZOUX		Lezoux
84	63	20	1	63210	0		MARINGUES		Maringues
84	63	21	1	63214	4	(LES)	MARTRES-DE-VEYRE	(Les)	Martres-de-Veyre
84	63	22	1	63125	4	(LES)	MONTS DU LIVRADOIS	(Les)	Monts du Livradois
84	63	23	1	63263	1		ORCINES		Orcines
84	63	24	1	63284	0		PONT-DU-CHATEAU		Pont-du-Château
84	63	25	1	63300	0		RIOM		Riom
84	63	26	1	63338	0		SAINT-ELOY-LES-MINES		Saint-Éloy-les-Mines
84	63	27	1	63349	0		SAINT-GEORGES-DE-MONS		Saint-Georges-de-Mons
84	63	28	1	63381	0		SAINT-OURS		Saint-Ours
84	63	29	1	63047	2	(LE)	SANCY	(Le)	Sancy
84	63	30	1	63430	0		THIERS		Thiers
84	63	31	1	63457	0		VIC-LE-COMTE		Vic-le-Comte
75	64	01	4	64024	1		ANGLET		Anglet
75	64	02	1	64061	1		ARTIX ET PAYS DE SOUBESTRE		Artix et Pays de Soubestre
75	64	03	1	64160	0		BAIGURA ET MONDARRAIN		Baïgura et Mondarrain
75	64	04	5	64102	0		BAYONNE-1		Bayonne-1
75	64	05	2	64102	0		BAYONNE-2		Bayonne-2
75	64	06	4	64102	0		BAYONNE-3		Bayonne-3
75	64	07	1	64122	0		BIARRITZ		Biarritz
75	64	08	1	64129	0		BILLERE ET COTEAUX DE JURANCON		Billère et Coteaux de Jurançon
75	64	09	1	64410	2	(LE)	CUR DE BEARN	(Le)	Cur de Béarn
75	64	10	1	64260	1		HENDAYE-COTE BASQUE-SUD		Hendaye-Côte Basque-Sud
75	64	11	1	64348	0		LESCAR, GAVE ET TERRES DU PONT-LONG		Lescar, Gave et Terres du Pont-Long
75	64	12	1	64371	0		MONTAGNE BASQUE		Montagne Basque
75	64	13	1	64407	0		NIVE-ADOUR		Nive-Adour
75	64	14	2	64422	1		OLORON-SAINTE-MARIE-1		Oloron-Sainte-Marie-1
75	64	15	2	64422	1		OLORON-SAINTE-MARIE-2		Oloron-Sainte-Marie-2
75	64	16	1	64430	1		ORTHEZ ET TERRES DES GAVES ET DU SEL		Orthez et Terres des Gaves et du Sel
75	64	17	1	64417	1		OUZOM, GAVE ET RIVES DU NEEZ		Ouzom, Gave et Rives du Neez
75	64	18	4	64445	0		PAU-1		Pau-1
75	64	19	2	64445	0		PAU-2		Pau-2
75	64	20	2	64445	0		PAU-3		Pau-3
75	64	21	2	64445	0		PAU-4		Pau-4
75	64	22	1	64493	0		PAYS DE BIDACHE, AMIKUZE ET OSTIBARRE		Pays de Bidache, Amikuze et Ostibarre
75	64	23	1	64405	0		PAYS DE MORLAAS ET DU MONTANERES		Pays de Morlaàs et du Montanérès
75	64	24	1	64483	0		SAINT-JEAN-DE-LUZ		Saint-Jean-de-Luz
75	64	25	1	64519	0		TERRES DES LUYS ET COTEAUX DU VIC-BILH		Terres des Luys et Coteaux du Vic-Bilh
75	64	26	1	64547	1		USTARITZ-VALLEES DE NIVE ET NIVELLE		Ustaritz-Vallées de Nive et Nivelle
75	64	27	1	64453	0		VALLEES DE L'OUSSE ET DU LAGOIN		Vallées de l'Ousse et du Lagoin
76	65	01	1	65047	1		AUREILHAN		Aureilhan
76	65	02	1	65100	0		BORDERES-SUR-L'ECHEZ		Bordères-sur-l'Echez
76	65	03	1	65452	4	(LES)	COTEAUX	(Les)	Coteaux
76	65	04	1	65059	3	(LA)	HAUTE-BIGORRE	(La)	Haute-Bigorre
76	65	05	2	65286	0		LOURDES-1		Lourdes-1
76	65	06	2	65286	0		LOURDES-2		Lourdes-2
76	65	07	1	65062	0		MOYEN ADOUR		Moyen Adour
76	65	08	1	65127	0		NESTE, AURE ET LOURON		Neste, Aure et Louron
76	65	09	1	65344	1		OSSUN		Ossun
76	65	10	4	65440	0		TARBES-1		Tarbes-1
76	65	11	4	65440	0		TARBES-2		Tarbes-2
76	65	12	4	65440	0		TARBES-3		Tarbes-3
76	65	13	1	65304	0		VAL D'ADOUR-RUSTAN-MADIRANAIS		Val d'Adour-Rustan-Madiranais
76	65	14	1	65447	3	(LA)	VALLEE DE L'ARROS ET DES BAISES	(La)	Vallée de l'Arros et des Baïses
76	65	15	1	65258	3	(LA)	VALLEE DE BAROUSSE	(La)	Vallée de la Barousse
76	65	16	1	65025	3	(LA)	VALLEE DES GAVES	(La)	Vallée des Gaves
76	65	17	1	65460	0		VIC-EN-BIGORRE		Vic-en-Bigorre
76	66	01	1	66210	4	(LES)	ASPRES	(Les)	Aspres
76	66	02	1	66003	2	(LE)	CANIGOU	(Le)	Canigou
76	66	03	1	66037	3	(LA)	COTE SABLEUSE	(La)	Côte Sableuse
76	66	04	1	66180	3	(LA)	COTE SALANQUAISE	(La)	Côte Salanquaise
76	66	05	1	66008	3	(LA)	COTE VERMEILLE	(La)	Côte Vermeille
76	66	06	4	66136	0		PERPIGNAN-1		Perpignan-1
76	66	07	2	66136	0		PERPIGNAN-2		Perpignan-2
76	66	08	2	66136	0		PERPIGNAN-3		Perpignan-3
76	66	09	4	66136	0		PERPIGNAN-4		Perpignan-4
76	66	10	2	66136	0		PERPIGNAN-5		Perpignan-5
76	66	11	2	66136	0		PERPIGNAN-6		Perpignan-6
76	66	12	1	66065	3	(LA)	PLAINE D'ILLIBERIS	(La)	Plaine d'Illibéris
76	66	13	1	66149	4	(LES)	PYRENEES CATALANES	(Les)	Pyrénées catalanes
76	66	14	1	66172	2	(LE)	RIBERAL	(Le)	Ribéral
76	66	15	1	66164	3	(LA)	VALLEE DE L'AGLY	(La)	Vallée de l'Agly
76	66	16	1	66195	3	(LA)	VALLEE DE LA TET	(La)	Vallée de la Têt
76	66	17	1	66049	0		VALLESPIR-ALBERES		Vallespir-Albères
44	67	01	1	67046	0		BISCHWILLER		Bischwiller
44	67	02	1	67061	0		BOUXWILLER		Bouxwiller
44	67	03	1	67067	0		BRUMATH		Brumath
44	67	04	1	67130	1		ERSTEIN		Erstein
44	67	05	1	67180	0		HAGUENAU		Haguenau
44	67	06	1	67204	0		HNHEIM		Hnheim
44	67	07	1	67218	1		ILLKIRCH-GRAFFENSTADEN		Illkirch-Graffenstaden
44	67	08	1	67222	1		INGWILLER		Ingwiller
44	67	09	1	67267	0		LINGOLSHEIM		Lingolsheim
44	67	10	1	67300	0		MOLSHEIM		Molsheim
44	67	11	1	67313	0		MUTZIG		Mutzig
44	67	12	1	67348	1		OBERNAI		Obernai
44	67	13	1	67388	0		REICHSHOFFEN		Reichshoffen
44	67	14	1	67437	0		SAVERNE		Saverne
44	67	15	1	67447	0		SCHILTIGHEIM		Schiltigheim
44	67	16	1	67462	0		SELESTAT		Sélestat
44	67	17	4	67482	0		STRASBOURG-1		Strasbourg-1
44	67	18	4	67482	0		STRASBOURG-2		Strasbourg-2
44	67	19	4	67482	0		STRASBOURG-3		Strasbourg-3
44	67	20	4	67482	0		STRASBOURG-4		Strasbourg-4
44	67	21	4	67482	0		STRASBOURG-5		Strasbourg-5
44	67	22	4	67482	0		STRASBOURG-6		Strasbourg-6
44	67	23	1	67544	0		WISSEMBOURG		Wissembourg
44	68	01	1	68004	1		ALTKIRCH		Altkirch
44	68	02	1	68056	0		BRUNSTATT		Brunstatt
44	68	03	1	68063	0		CERNAY		Cernay
44	68	04	2	68066	0		COLMAR-1		Colmar-1
44	68	05	2	68066	0		COLMAR-2		Colmar-2
44	68	06	1	68082	1		ENSISHEIM		Ensisheim
44	68	07	1	68112	0		GUEBWILLER		Guebwiller
44	68	08	1	68166	0		KINGERSHEIM		Kingersheim
44	68	09	1	68201	0		MASEVAUX		Masevaux
44	68	10	4	68224	0		MULHOUSE-1		Mulhouse-1
44	68	11	4	68224	0		MULHOUSE-2		Mulhouse-2
44	68	12	2	68224	0		MULHOUSE-3		Mulhouse-3
44	68	13	1	68278	0		RIXHEIM		Rixheim
44	68	14	1	68297	0		SAINT-LOUIS		Saint-Louis
44	68	15	1	68298	0		SAINTE-MARIE-AUX-MINES		Sainte-Marie-aux-Mines
44	68	16	1	68374	0		WINTZENHEIM		Wintzenheim
44	68	17	1	68376	0		WITTENHEIM		Wittenheim
84	69	01	1	69009	1		ANSE		Anse
84	69	02	1	69010	5	(L')	ARBRESLE	(L')	Arbresle
84	69	03	1	69019	0		BELLEVILLE		Belleville
84	69	04	1	69024	2	(LE)	BOIS-D'OINGT	(Le)	Bois-d'Oingt
84	69	05	1	69027	0		BRIGNAIS		Brignais
84	69	06	1	69277	0		GENAS		Genas
84	69	07	1	69092	0		GLEIZE		Gleizé
84	69	08	1	69141	0		MORNANT		Mornant
84	69	09	1	69291	0		SAINT-SYMPHORIEN-D'OZON		Saint-Symphorien-d'Ozon
84	69	10	1	69243	0		TARARE		Tarare
84	69	11	1	69248	0		THIZY-LES-BOURGS		Thizy-les-Bourgs
84	69	12	1	69255	0		VAUGNERAY		Vaugneray
84	69	13	1	69264	0		VILLEFRANCHE-SUR-SAONE		Villefranche-sur-Saône
27	70	01	1	70198	0		DAMPIERRE-SUR-SALON		Dampierre-sur-Salon
27	70	02	1	70279	0		GRAY		Gray
27	70	03	2	70285	1		HERICOURT-1		Héricourt-1
27	70	04	2	70285	1		HERICOURT-2		Héricourt-2
27	70	05	1	70292	0		JUSSEY		Jussey
27	70	06	2	70310	0		LURE-1		Lure-1
27	70	07	2	70310	0		LURE-2		Lure-2
27	70	08	1	70311	0		LUXEUIL-LES-BAINS		Luxeuil-les-Bains
27	70	09	1	70334	0		MARNAY		Marnay
27	70	10	1	70339	0		MELISEY		Mélisey
27	70	11	1	70421	0		PORT-SUR-SAONE		Port-sur-Saône
27	70	12	1	70447	0		RIOZ		Rioz
27	70	13	1	70467	0		SAINT-LOUP-SUR-SEMOUSE		Saint-Loup-sur-Semouse
27	70	14	1	70482	0		SCEY-SUR-SAONE-ET-SAINT-ALBIN		Scey-sur-Saône-et-Saint-Albin
27	70	15	2	70550	0		VESOUL-1		Vesoul-1
27	70	16	2	70550	0		VESOUL-2		Vesoul-2
27	70	17	1	70561	0		VILLERSEXEL		Villersexel
27	71	01	2	71014	1		AUTUN-1		Autun-1
27	71	02	2	71014	1		AUTUN-2		Autun-2
27	71	03	1	71040	0		BLANZY		Blanzy
27	71	04	1	71073	0		CHAGNY		Chagny
27	71	05	2	71076	0		CHALON-SUR-SAONE-1		Chalon-sur-Saône-1
27	71	06	4	71076	0		CHALON-SUR-SAONE-2		Chalon-sur-Saône-2
27	71	07	2	71076	0		CHALON-SUR-SAONE-3		Chalon-sur-Saône-3
27	71	08	1	71090	3	(LA)	CHAPELLE-DE-GUINCHAY	(La)	Chapelle-de-Guinchay
27	71	09	1	71106	0		CHAROLLES		Charolles
27	71	10	1	71120	0		CHAUFFAILLES		Chauffailles
27	71	11	1	71137	0		CLUNY		Cluny
27	71	12	2	71153	2	(LE)	CREUSOT-1	(Le)	Creusot-1
27	71	13	2	71153	2	(LE)	CREUSOT-2	(Le)	Creusot-2
27	71	14	1	71157	0		CUISEAUX		Cuiseaux
27	71	15	1	71176	0		DIGOIN		Digoin
27	71	16	1	71215	0		GERGY		Gergy
27	71	17	1	71221	0		GIVRY		Givry
27	71	18	1	71230	0		GUEUGNON		Gueugnon
27	71	19	1	71235	1		HURIGNY		Hurigny
27	71	20	1	71263	0		LOUHANS		Louhans
27	71	21	2	71270	0		MACON-1		Mâcon-1
27	71	22	2	71270	0		MACON-2		Mâcon-2
27	71	23	1	71306	0		MONTCEAU-LES-MINES		Montceau-les-Mines
27	71	24	1	71336	1		OUROUX-SUR-SAONE		Ouroux-sur-Saône
27	71	25	1	71342	0		PARAY-LE-MONIAL		Paray-le-Monial
27	71	26	1	71351	0		PIERRE-DE-BRESSE		Pierre-de-Bresse
27	71	27	1	71475	0		SAINT-REMY		Saint-Rémy
27	71	28	1	71486	0		SAINT-VALLIER		Saint-Vallier
27	71	29	1	71543	0		TOURNUS		Tournus
52	72	01	1	72039	0		BONNETABLE		Bonnétable
52	72	02	1	72058	0		CHANGE		Changé
52	72	03	1	72071	0		CHATEAU-DU-LOIR		Château-du-Loir
52	72	04	1	72124	1		ECOMMOY		Écommoy
52	72	05	1	72132	3	(LA)	FERTE-BERNARD	(La)	Ferté-Bernard
52	72	06	1	72154	3	(LA)	FLECHE	(La)	Flèche
52	72	07	1	72168	0		LOUE		Loué
52	72	08	1	72176	2	(LE)	LUDE	(Le)	Lude
52	72	09	1	72180	0		MAMERS		Mamers
52	72	10	2	72181	2	(LE)	MANS-1	(Le)	Mans-1
52	72	11	2	72181	2	(LE)	MANS-2	(Le)	Mans-2
52	72	12	4	72181	2	(LE)	MANS-3	(Le)	Mans-3
52	72	13	2	72181	2	(LE)	MANS-4	(Le)	Mans-4
52	72	14	4	72181	2	(LE)	MANS-5	(Le)	Mans-5
52	72	15	2	72181	2	(LE)	MANS-6	(Le)	Mans-6
52	72	16	2	72181	2	(LE)	MANS-7	(Le)	Mans-7
52	72	17	1	72264	0		SABLE-SUR-SARTHE		Sablé-sur-Sarthe
52	72	18	1	72269	0		SAINT-CALAIS		Saint-Calais
52	72	19	1	72329	0		SAVIGNE-L'EVEQUE		Savigné-l'Évêque
52	72	20	1	72334	0		SILLE-LE-GUILLAUME		Sillé-le-Guillaume
52	72	21	1	72346	3	(LA)	SUZE-SUR-SARTHE	(La)	Suze-sur-Sarthe
84	73	01	2	73008	1		AIX-LES-BAINS-1		Aix-les-Bains-1
84	73	02	2	73008	1		AIX-LES-BAINS-2		Aix-les-Bains-2
84	73	03	2	73011	1		ALBERTVILLE-1		Albertville-1
84	73	04	2	73011	1		ALBERTVILLE-2		Albertville-2
84	73	05	1	73054	0		BOURG-SAINT-MAURICE		Bourg-Saint-Maurice
84	73	06	1	73330	0		BUGEY SAVOYARD		Bugey savoyard
84	73	07	2	73065	0		CHAMBERY-1		Chambéry-1
84	73	08	2	73065	0		CHAMBERY-2		Chambéry-2
84	73	09	2	73065	0		CHAMBERY-3		Chambéry-3
84	73	10	1	73157	0		MODANE		Modane
84	73	11	1	73171	0		MONTMELIAN		Montmélian
84	73	12	1	73179	3	(LA)	MOTTE-SERVOLEX	(La)	Motte-Servolex
84	73	13	1	73181	0		MOUTIERS		Moûtiers
84	73	14	1	73204	2	(LE)	PONT-DE-BEAUVOISIN	(Le)	Pont-de-Beauvoisin
84	73	15	1	73213	3	(LA)	RAVOIRE	(La)	Ravoire
84	73	16	1	73222	0		SAINT-ALBAN-LEYSSE		Saint-Alban-Leysse
84	73	17	1	73248	0		SAINT-JEAN-DE-MAURIENNE		Saint-Jean-de-Maurienne
84	73	18	1	73270	0		SAINT-PIERRE-D'ALBIGNY		Saint-Pierre-d'Albigny
84	73	19	1	73303	1		UGINE		Ugine
84	74	01	2	74010	1		ANNECY-1		Annecy-1
84	74	02	2	74010	1		ANNECY-2		Annecy-2
84	74	03	1	74011	1		ANNECY-LE-VIEUX		Annecy-le-Vieux
84	74	04	1	74012	1		ANNEMASSE		Annemasse
84	74	05	1	74042	0		BONNEVILLE		Bonneville
84	74	06	1	74081	0		CLUSES		Cluses
84	74	07	1	74119	1		EVIAN-LES-BAINS		Évian-les-Bains
84	74	08	1	74123	0		FAVERGES		Faverges
84	74	09	1	74133	0		GAILLARD		Gaillard
84	74	10	1	74208	2	(LE)	MONT-BLANC	(Le)	Mont-Blanc
84	74	11	1	74224	3	(LA)	ROCHE-SUR-FORON	(La)	Roche-sur-Foron
84	74	12	1	74225	0		RUMILLY		Rumilly
84	74	13	1	74243	0		SAINT-JULIEN-EN-GENEVOIS		Saint-Julien-en-Genevois
84	74	14	1	74256	0		SALLANCHES		Sallanches
84	74	15	1	74263	0		SCIEZ		Sciez
84	74	16	1	74268	0		SEYNOD		Seynod
84	74	17	1	74281	0		THONON-LES-BAINS		Thonon-les-Bains
28	76	01	1	76057	0		BARENTIN		Barentin
28	76	02	1	76108	0		BOIS-GUILLAUME		Bois-Guillaume
28	76	03	1	76114	0		BOLBEC		Bolbec
28	76	04	1	76157	0		CANTELEU		Canteleu
28	76	05	1	76165	0		CAUDEBEC-LES-ELBEUF		Caudebec-lès-Elbeuf
28	76	06	1	76212	0		DARNETAL		Darnétal
28	76	07	2	76217	0		DIEPPE-1		Dieppe-1
28	76	08	2	76217	0		DIEPPE-2		Dieppe-2
28	76	09	1	76231	1		ELBEUF		Elbeuf
28	76	10	1	76255	1		EU		Eu
28	76	11	1	76259	0		FECAMP		Fécamp
28	76	12	1	76312	0		GOURNAY-EN-BRAY		Gournay-en-Bray
28	76	13	1	76322	2	(LE)	GRAND-QUEVILLY	(Le)	Grand-Quevilly
28	76	14	4	76351	2	(LE)	HAVRE-1	(Le)	Havre-1
28	76	15	2	76351	2	(LE)	HAVRE-2	(Le)	Havre-2
28	76	16	2	76351	2	(LE)	HAVRE-3	(Le)	Havre-3
28	76	17	4	76351	2	(LE)	HAVRE-4	(Le)	Havre-4
28	76	18	4	76351	2	(LE)	HAVRE-5	(Le)	Havre-5
28	76	19	2	76351	2	(LE)	HAVRE-6	(Le)	Havre-6
28	76	20	1	76400	0		LUNERAY		Luneray
28	76	21	1	76429	2	(LE)	MESNIL-ESNARD	(Le)	Mesnil-Esnard
28	76	22	1	76451	0		MONT-SAINT-AIGNAN		Mont-Saint-Aignan
28	76	23	1	76462	0		NEUFCHATEL-EN-BRAY		Neufchâtel-en-Bray
28	76	24	1	76474	0		NOTRE-DAME-DE-BONDEVILLE		Notre-Dame-de-Bondeville
28	76	25	1	76476	0		NOTRE-DAME-DE-GRAVENCHON		Notre-Dame-de-Gravenchon
28	76	26	1	76481	1		OCTEVILLE-SUR-MER		Octeville-sur-Mer
28	76	27	2	76498	2	(LE)	PETIT-QUEVILLY	(Le)	Petit-Quevilly
28	76	28	4	76540	0		ROUEN-1		Rouen-1
28	76	29	4	76540	0		ROUEN-2		Rouen-2
28	76	30	4	76540	0		ROUEN-3		Rouen-3
28	76	31	2	76575	0		SAINT-ETIENNE-DU-ROUVRAY		Saint-Étienne-du-Rouvray
28	76	32	1	76647	0		SAINT-ROMAIN-DE-COLBOSC		Saint-Romain-de-Colbosc
28	76	33	1	76655	0		SAINT-VALERY-EN-CAUX		Saint-Valery-en-Caux
28	76	34	5	76681	0		SOTTEVILLE-LES-ROUEN		Sotteville-lès-Rouen
28	76	35	1	76758	1		YVETOT		Yvetot
11	77	01	1	77083	0		CHAMPS-SUR-MARNE		Champs-sur-Marne
11	77	02	1	77108	0		CHELLES		Chelles
11	77	03	1	77118	0		CLAYE-SOUILLY		Claye-Souilly
11	77	04	1	77122	0		COMBS-LA-VILLE		Combs-la-Ville
11	77	05	1	77131	0		COULOMMIERS		Coulommiers
11	77	06	1	77183	3	(LA)	FERTE-SOUS-JOUARRE	(La)	Ferté-sous-Jouarre
11	77	07	1	77186	0		FONTAINEBLEAU		Fontainebleau
11	77	08	1	77192	0		FONTENAY-TRESIGNY		Fontenay-Trésigny
11	77	09	1	77243	0		LAGNY-SUR-MARNE		Lagny-sur-Marne
11	77	10	1	77284	0		MEAUX		Meaux
11	77	11	1	77288	0		MELUN		Melun
11	77	12	1	77294	0		MITRY-MORY		Mitry-Mory
11	77	13	1	77305	0		MONTEREAU-FAULT-YONNE		Montereau-Fault-Yonne
11	77	14	1	77327	0		NANGIS		Nangis
11	77	15	1	77333	0		NEMOURS		Nemours
11	77	16	1	77350	1		OZOIR-LA-FERRIERE		Ozoir-la-Ferrière
11	77	17	1	77373	0		PONTAULT-COMBAULT		Pontault-Combault
11	77	18	1	77379	0		PROVINS		Provins
11	77	19	1	77407	0		SAINT-FARGEAU-PONTHIERRY		Saint-Fargeau-Ponthierry
11	77	20	1	77445	0		SAVIGNY-LE-TEMPLE		Savigny-le-Temple
11	77	21	1	77449	0		SERRIS		Serris
11	77	22	1	77468	0		TORCY		Torcy
11	77	23	1	77514	0		VILLEPARISIS		Villeparisis
11	78	01	1	78029	1		AUBERGENVILLE		Aubergenville
11	78	02	1	78089	0		BONNIERES-SUR-SEINE		Bonnières-sur-Seine
11	78	03	1	78146	0		CHATOU		Chatou
11	78	04	1	78158	2	(LE)	CHESNAY	(Le)	Chesnay
11	78	05	1	78172	0		CONFLANS-SAINTE-HONORINE		Conflans-Sainte-Honorine
11	78	06	1	78311	1		HOUILLES		Houilles
11	78	07	1	78335	0		LIMAY		Limay
11	78	08	1	78361	0		MANTES-LA-JOLIE		Mantes-la-Jolie
11	78	09	1	78383	0		MAUREPAS		Maurepas
11	78	10	1	78423	0		MONTIGNY-LE-BRETONNEUX		Montigny-le-Bretonneux
11	78	11	1	78440	4	(LES)	MUREAUX	(Les)	Mureaux
11	78	12	1	78490	0		PLAISIR		Plaisir
11	78	13	1	78498	0		POISSY		Poissy
11	78	14	1	78517	0		RAMBOUILLET		Rambouillet
11	78	15	1	78545	0		SAINT-CYR-L'ECOLE		Saint-Cyr-l'École
11	78	16	1	78551	0		SAINT-GERMAIN-EN-LAYE		Saint-Germain-en-Laye
11	78	17	1	78586	0		SARTROUVILLE		Sartrouville
11	78	18	1	78621	0		TRAPPES		Trappes
11	78	19	1	78642	0		VERNEUIL-SUR-SEINE		Verneuil-sur-Seine
11	78	20	4	78646	0		VERSAILLES-1		Versailles-1
11	78	21	2	78646	0		VERSAILLES-2		Versailles-2
75	79	01	1	79101	1		AUTIZE-EGRAY		Autize-Egray
75	79	02	1	79049	0		BRESSUIRE		Bressuire
75	79	03	1	79061	0		CELLES-SUR-BELLE		Celles-sur-Belle
75	79	04	1	79062	0		CERIZAY		Cerizay
75	79	05	1	79130	0		FRONTENAY-ROHAN-ROHAN		Frontenay-Rohan-Rohan
75	79	06	1	79311	3	(LA)	GATINE	(La)	Gâtine
75	79	07	1	79079	0		MAULEON		Mauléon
75	79	08	1	79174	0		MELLE		Melle
75	79	09	1	79170	0		MIGNON-ET-BOUTONNE		Mignon-et-Boutonne
75	79	10	4	79191	0		NIORT-1		Niort-1
75	79	11	4	79191	0		NIORT-2		Niort-2
75	79	12	4	79191	0		NIORT-3		Niort-3
75	79	13	1	79202	0		PARTHENAY		Parthenay
75	79	14	1	79081	3	(LA)	PLAINE NIORTAISE	(La)	Plaine Niortaise
75	79	15	1	79270	0		SAINT-MAIXENT-L'ECOLE		Saint-Maixent-l'École
75	79	16	1	79329	0		THOUARS		Thouars
75	79	17	1	79005	2	(LE)	VAL DE THOUET	(Le)	Val de Thouet
32	80	01	2	80001	1		ABBEVILLE-1		Abbeville-1
32	80	02	2	80001	1		ABBEVILLE-2		Abbeville-2
32	80	03	1	80010	1		AILLY-SUR-NOYE		Ailly-sur-Noye
32	80	04	1	80011	1		AILLY-SUR-SOMME		Ailly-sur-Somme
32	80	05	1	80016	1		ALBERT		Albert
32	80	06	4	80021	1		AMIENS-1		Amiens-1
32	80	07	2	80021	1		AMIENS-2		Amiens-2
32	80	08	2	80021	1		AMIENS-3		Amiens-3
32	80	09	2	80021	1		AMIENS-4		Amiens-4
32	80	10	2	80021	1		AMIENS-5		Amiens-5
32	80	11	2	80021	1		AMIENS-6		Amiens-6
32	80	12	2	80021	1		AMIENS-7		Amiens-7
32	80	13	1	80212	0		CORBIE		Corbie
32	80	14	1	80253	0		DOULLENS		Doullens
32	80	15	1	80318	0		FLIXECOURT		Flixecourt
32	80	16	1	80368	0		FRIVILLE-ESCARBOTIN		Friville-Escarbotin
32	80	17	1	80373	0		GAMACHES		Gamaches
32	80	18	1	80410	0		HAM		Ham
32	80	19	1	80570	0		MOREUIL		Moreuil
32	80	20	1	80620	0		PERONNE		Péronne
32	80	21	1	80630	0		POIX-DE-PICARDIE		Poix-de-Picardie
32	80	22	1	80685	0		ROYE		Roye
32	80	23	1	80688	0		RUE		Rue
76	81	01	4	81004	1		ALBI-1		Albi-1
76	81	02	2	81004	1		ALBI-2		Albi-2
76	81	03	2	81004	1		ALBI-3		Albi-3
76	81	04	2	81004	1		ALBI-4		Albi-4
76	81	05	2	81060	0		CARMAUX-1 LE SEGALA		Carmaux-1 Le Ségala
76	81	06	2	81060	0		CARMAUX-2 VALLEE DU CEROU		Carmaux-2 Vallée du Cérou
76	81	07	4	81065	0		CASTRES-1		Castres-1
76	81	08	2	81065	0		CASTRES-2		Castres-2
76	81	09	2	81065	0		CASTRES-3		Castres-3
76	81	10	1	81131	4	(LES)	DEUX RIVES	(Les)	Deux Rives
76	81	11	1	81099	0		GAILLAC		Gaillac
76	81	12	1	81105	0		GRAULHET		Graulhet
76	81	13	1	81222	2	(LE)	HAUT DADOU	(Le)	Haut Dadou
76	81	14	1	81124	4	(LES)	HAUTES TERRES D'OC	(Les)	Hautes Terres d'Oc
76	81	15	1	81140	0		LAVAUR COCAGNE		Lavaur Cocagne
76	81	16	2	81163	0		MAZAMET-1		Mazamet-1
76	81	17	2	81163	0		MAZAMET-2 VALLEE DU THORE		Mazamet-2 Vallée du Thoré
76	81	18	1	81120	3	(LA)	MONTAGNE NOIRE	(La)	Montagne noire
76	81	19	1	81273	2	(LE)	PASTEL	(Le)	Pastel
76	81	20	1	81281	0		PLAINE DE L'AGOUT		Plaine de l'Agoût
76	81	21	1	81271	4	(LES)	PORTES DU TARN	(Les)	Portes du Tarn
76	81	22	1	81257	0		SAINT-JUERY		Saint-Juéry
76	81	23	1	81220	0		VIGNOBLES ET BASTIDES		Vignobles et Bastides
76	82	01	1	82037	1		AVEYRON-LERE		Aveyron-Lère
76	82	02	1	82013	0		BEAUMONT-DE-LOMAGNE		Beaumont-de-Lomagne
76	82	03	1	82033	0		CASTELSARRASIN		Castelsarrasin
76	82	04	1	82169	0		GARONNE-LOMAGNE-BRULHOIS		Garonne-Lomagne-Brulhois
76	82	05	1	82112	0		MOISSAC		Moissac
76	82	06	4	82121	0		MONTAUBAN-1		Montauban-1
76	82	07	4	82121	0		MONTAUBAN-2		Montauban-2
76	82	08	4	82121	0		MONTAUBAN-3		Montauban-3
76	82	09	1	82125	0		MONTECH		Montech
76	82	10	1	82087	0		PAYS DE SERRES SUD-QUERCY		Pays de Serres Sud-Quercy
76	82	11	1	82002	0		QUERCY-AVEYRON		Quercy-Aveyron
76	82	12	1	82179	0		QUERCY-ROUERGUE		Quercy-Rouergue
76	82	13	1	82079	0		TARN-TESCOU-QUERCY VERT		Tarn-Tescou-Quercy vert
76	82	14	1	82186	0		VALENCE		Valence
76	82	15	1	82190	0		VERDUN-SUR-GARONNE		Verdun-sur-Garonne
93	83	01	1	83023	0		BRIGNOLES		Brignoles
93	83	02	2	83047	3	(LA)	CRAU	(La)	Crau
93	83	03	1	83050	0		DRAGUIGNAN		Draguignan
93	83	04	1	83058	0		FLAYOSC		Flayosc
93	83	05	4	83061	0		FREJUS		Fréjus
93	83	06	1	83062	3	(LA)	GARDE	(La)	Garde
93	83	07	1	83064	0		GAREOULT		Garéoult
93	83	08	4	83069	1		HYERES		Hyères
93	83	09	1	83073	2	(LE)	LUC	(Le)	Luc
93	83	10	1	83090	1		OLLIOULES		Ollioules
93	83	11	1	83107	0		ROQUEBRUNE-SUR-ARGENS		Roquebrune-sur-Argens
93	83	12	1	83112	0		SAINT-CYR-SUR-MER		Saint-Cyr-sur-Mer
93	83	13	1	83116	0		SAINT-MAXIMIN-LA-SAINTE-BAUME		Saint-Maximin-la-Sainte-Baume
93	83	14	2	83118	0		SAINT-RAPHAEL		Saint-Raphaël
93	83	15	1	83115	0		SAINTE-MAXIME		Sainte-Maxime
93	83	16	4	83126	3	(LA)	SEYNE-SUR-MER-1	(La)	Seyne-sur-Mer-1
93	83	17	2	83126	3	(LA)	SEYNE-SUR-MER-2	(La)	Seyne-sur-Mer-2
93	83	18	1	83130	0		SOLLIES-PONT		Solliès-Pont
93	83	19	4	83137	0		TOULON-1		Toulon-1
93	83	20	4	83137	0		TOULON-2		Toulon-2
93	83	21	2	83137	0		TOULON-3		Toulon-3
93	83	22	4	83137	0		TOULON-4		Toulon-4
93	83	23	1	83148	0		VIDAUBAN		Vidauban
93	84	01	1	84003	1		APT		Apt
93	84	02	4	84007	1		AVIGNON-1		Avignon-1
93	84	03	4	84007	1		AVIGNON-2		Avignon-2
93	84	04	2	84007	1		AVIGNON-3		Avignon-3
93	84	05	1	84019	0		BOLLENE		Bollène
93	84	06	1	84031	0		CARPENTRAS		Carpentras
93	84	07	1	84035	0		CAVAILLON		Cavaillon
93	84	08	1	84038	0		CHEVAL-BLANC		Cheval-Blanc
93	84	09	1	84054	5	(L')	ISLE-SUR-LA-SORGUE	(L')	Isle-sur-la-Sorgue
93	84	10	1	84080	0		MONTEUX		Monteux
93	84	11	1	84087	1		ORANGE		Orange
93	84	12	1	84088	0		PERNES-LES-FONTAINES		Pernes-les-Fontaines
93	84	13	1	84089	0		PERTUIS		Pertuis
93	84	14	1	84092	2	(LE)	PONTET	(Le)	Pontet
93	84	15	1	84129	0		SORGUES		Sorgues
93	84	16	1	84137	0		VAISON-LA-ROMAINE		Vaison-la-Romaine
93	84	17	1	84138	0		VALREAS		Valréas
52	85	01	1	85003	1		AIZENAY		Aizenay
52	85	02	1	85047	0		CHALLANS		Challans
52	85	03	1	85051	0		CHANTONNAY		Chantonnay
52	85	04	1	85059	3	(LA)	CHATAIGNERAIE	(La)	Châtaigneraie
52	85	05	1	85092	0		FONTENAY-LE-COMTE		Fontenay-le-Comte
52	85	06	1	85109	4	(LES)	HERBIERS	(Les)	Herbiers
52	85	07	1	85113	5	(L')	ILE-D'YEU	(L')	île-d'Yeu
52	85	08	1	85128	0		LUCON		Luçon
52	85	09	1	85135	0		MAREUIL-SUR-LAY-DISSAIS		Mareuil-sur-Lay-Dissais
52	85	10	1	85146	0		MONTAIGU		Montaigu
52	85	11	1	85151	0		MORTAGNE-SUR-SEVRE		Mortagne-sur-Sèvre
52	85	12	2	85191	3	(LA)	ROCHE-SUR-YON-1	(La)	Roche-sur-Yon-1
52	85	13	2	85191	3	(LA)	ROCHE-SUR-YON-2	(La)	Roche-sur-Yon-2
52	85	14	1	85194	4	(LES)	SABLES-D'OLONNE	(Les)	Sables-d'Olonne
52	85	15	1	85226	0		SAINT-HILAIRE-DE-RIEZ		Saint-Hilaire-de-Riez
52	85	16	1	85234	0		SAINT-JEAN-DE-MONTS		Saint-Jean-de-Monts
52	85	17	1	85288	0		TALMONT-SAINT-HILAIRE		Talmont-Saint-Hilaire
75	86	01	1	86062	0		CHASSENEUIL-DU-POITOU		Chasseneuil-du-Poitou
75	86	02	2	86066	0		CHATELLERAULT-1		Châtellerault-1
75	86	03	2	86066	0		CHATELLERAULT-2		Châtellerault-2
75	86	04	2	86066	0		CHATELLERAULT-3		Châtellerault-3
75	86	05	1	86070	0		CHAUVIGNY		Chauvigny
75	86	06	1	86078	0		CIVRAY		Civray
75	86	07	1	86115	0		JAUNAY-CLAN		Jaunay-Clan
75	86	08	1	86137	0		LOUDUN		Loudun
75	86	09	1	86139	0		LUSIGNAN		Lusignan
75	86	10	1	86140	0		LUSSAC-LES-CHATEAUX		Lussac-les-Châteaux
75	86	11	1	86158	0		MIGNE-AUXANCES		Migné-Auxances
75	86	12	1	86165	0		MONTMORILLON		Montmorillon
75	86	13	2	86194	0		POITIERS-1		Poitiers-1
75	86	14	2	86194	0		POITIERS-2		Poitiers-2
75	86	15	4	86194	0		POITIERS-3		Poitiers-3
75	86	16	2	86194	0		POITIERS-4		Poitiers-4
75	86	17	2	86194	0		POITIERS-5		Poitiers-5
75	86	18	1	86293	0		VIVONNE		Vivonne
75	86	19	1	86297	0		VOUNEUIL-SOUS-BIARD		Vouneuil-sous-Biard
75	87	01	1	87001	1		AIXE-SUR-VIENNE		Aixe-sur-Vienne
75	87	02	1	87002	1		AMBAZAC		Ambazac
75	87	03	1	87011	0		BELLAC		Bellac
75	87	04	1	87041	0		CHATEAUPONSAC		Châteauponsac
75	87	05	1	87048	0		CONDAT-SUR-VIENNE		Condat-sur-Vienne
75	87	06	1	87050	0		COUZEIX		Couzeix
75	87	07	1	87064	1		EYMOUTIERS		Eymoutiers
75	87	08	4	87085	0		LIMOGES-1		Limoges-1
75	87	09	4	87085	0		LIMOGES-2		Limoges-2
75	87	10	4	87085	0		LIMOGES-3		Limoges-3
75	87	11	4	87085	0		LIMOGES-4		Limoges-4
75	87	12	2	87085	0		LIMOGES-5		Limoges-5
75	87	13	4	87085	0		LIMOGES-6		Limoges-6
75	87	14	4	87085	0		LIMOGES-7		Limoges-7
75	87	15	4	87085	0		LIMOGES-8		Limoges-8
75	87	16	2	87085	0		LIMOGES-9		Limoges-9
75	87	17	1	87114	0		PANAZOL		Panazol
75	87	18	1	87126	0		ROCHECHOUART		Rochechouart
75	87	19	1	87154	0		SAINT-JUNIEN		Saint-Junien
75	87	20	1	87161	0		SAINT-LEONARD-DE-NOBLAT		Saint-Léonard-de-Noblat
75	87	21	1	87187	0		SAINT-YRIEIX-LA-PERCHE		Saint-Yrieix-la-Perche
44	88	01	1	88075	3	(LA)	BRESSE	(La)	Bresse
44	88	02	1	88078	0		BRUYERES		Bruyères
44	88	03	1	88090	0		CHARMES		Charmes
44	88	04	1	88124	0		DARNEY		Darney
44	88	05	2	88160	1		EPINAL-1		Épinal-1
44	88	06	2	88160	1		EPINAL-2		Épinal-2
44	88	07	1	88196	0		GERARDMER		Gérardmer
44	88	08	1	88209	0		GOLBEY		Golbey
44	88	09	1	88304	0		MIRECOURT		Mirecourt
44	88	10	1	88321	0		NEUFCHATEAU		Neufchâteau
44	88	11	1	88372	0		RAON-L'ETAPE		Raon-l'Etape
44	88	12	1	88383	0		REMIREMONT		Remiremont
44	88	13	2	88413	0		SAINT-DIE-DES-VOSGES-1		Saint-Dié-des-Vosges-1
44	88	14	2	88413	0		SAINT-DIE-DES-VOSGES-2		Saint-Dié-des-Vosges-2
44	88	15	1	88468	2	(LE)	THILLOT	(Le)	Thillot
44	88	16	1	88487	2	(LE)	VAL-D'AJOL	(Le)	Val-d'Ajol
44	88	17	1	88516	0		VITTEL		Vittel
27	89	01	2	89024	1		AUXERRE-1		Auxerre-1
27	89	02	2	89024	1		AUXERRE-2		Auxerre-2
27	89	03	2	89024	1		AUXERRE-3		Auxerre-3
27	89	04	2	89024	1		AUXERRE-4		Auxerre-4
27	89	05	1	89025	1		AVALLON		Avallon
27	89	06	1	89055	0		BRIENON-SUR-ARMANCON		Brienon-sur-Armançon
27	89	07	1	89068	0		CHABLIS		Chablis
27	89	08	1	89086	0		CHARNY		Charny
27	89	09	1	89419	0		CUR DE PUISAYE		Cur de Puisaye
27	89	10	1	89370	0		GATINAIS EN BOURGOGNE		Gâtinais en Bourgogne
27	89	11	1	89206	0		JOIGNY		Joigny
27	89	12	1	89208	0		JOUX-LA-VILLE		Joux-la-Ville
27	89	13	1	89257	0		MIGENNES		Migennes
27	89	14	1	89309	0		PONT-SUR-YONNE		Pont-sur-Yonne
27	89	15	1	89345	0		SAINT-FLORENTIN		Saint-Florentin
27	89	16	2	89387	0		SENS-1		Sens-1
27	89	17	2	89387	0		SENS-2		Sens-2
27	89	18	1	89414	0		THORIGNY-SUR-OREUSE		Thorigny-sur-Oreuse
27	89	19	1	89418	0		TONNERROIS		Tonnerrois
27	89	20	1	89464	0		VILLENEUVE-SUR-YONNE		Villeneuve-sur-Yonne
27	89	21	1	89478	0		VINCELLES		Vincelles
27	90	01	1	90008	0		BAVILLIERS		Bavilliers
27	90	02	4	90010	0		BELFORT-1		Belfort-1
27	90	03	4	90010	0		BELFORT-2		Belfort-2
27	90	04	4	90010	0		BELFORT-3		Belfort-3
27	90	05	1	90022	0		CHATENOIS-LES-FORGES		Châtenois-les-Forges
27	90	06	1	90033	0		DELLE		Delle
27	90	07	1	90052	0		GIROMAGNY		Giromagny
27	90	08	1	90053	0		GRANDVILLARS		Grandvillars
27	90	09	1	90099	0		VALDOIE		Valdoie
11	91	01	1	91021	1		ARPAJON		Arpajon
11	91	02	1	91027	1		ATHIS-MONS		Athis-Mons
11	91	03	1	91103	0		BRETIGNY-SUR-ORGE		Brétigny-sur-Orge
11	91	04	1	91174	0		CORBEIL-ESSONNES		Corbeil-Essonnes
11	91	05	1	91200	0		DOURDAN		Dourdan
11	91	06	2	91201	0		DRAVEIL		Draveil
11	91	07	2	91215	1		EPINAY-SOUS-SENART		Épinay-sous-Sénart
11	91	08	1	91223	1		ETAMPES		Étampes
11	91	09	1	91228	1		EVRY		Évry
11	91	10	1	91272	0		GIF-SUR-YVETTE		Gif-sur-Yvette
11	91	11	1	91345	0		LONGJUMEAU		Longjumeau
11	91	12	1	91377	0		MASSY		Massy
11	91	13	1	91386	0		MENNECY		Mennecy
11	91	14	1	91477	0		PALAISEAU		Palaiseau
11	91	15	1	91521	0		RIS-ORANGIS		Ris-Orangis
11	91	16	1	91549	0		SAINTE-GENEVIEVE-DES-BOIS		Sainte-Geneviève-des-Bois
11	91	17	1	91589	0		SAVIGNY-SUR-ORGE		Savigny-sur-Orge
11	91	18	1	91692	4	(LES)	ULIS	(Les)	Ulis
11	91	19	2	91657	0		VIGNEUX-SUR-SEINE		Vigneux-sur-Seine
11	91	20	1	91687	0		VIRY-CHATILLON		Viry-Châtillon
11	91	21	2	91691	1		YERRES		Yerres
11	92	01	1	92002	1		ANTONY		Antony
11	92	02	4	92004	1		ASNIERES-SUR-SEINE		Asnières-sur-Seine
11	92	03	1	92007	0		BAGNEUX		Bagneux
11	92	04	4	92012	0		BOULOGNE-BILLANCOURT-1		Boulogne-Billancourt-1
11	92	05	2	92012	0		BOULOGNE-BILLANCOURT-2		Boulogne-Billancourt-2
11	92	06	1	92019	0		CHATENAY-MALABRY		Châtenay-Malabry
11	92	07	1	92020	0		CHATILLON		Châtillon
11	92	08	1	92023	0		CLAMART		Clamart
11	92	09	1	92024	0		CLICHY		Clichy
11	92	10	4	92025	0		COLOMBES-1		Colombes-1
11	92	11	2	92025	0		COLOMBES-2		Colombes-2
11	92	12	5	92026	0		COURBEVOIE-1		Courbevoie-1
11	92	13	2	92026	0		COURBEVOIE-2		Courbevoie-2
11	92	14	1	92036	0		GENNEVILLIERS		Gennevilliers
11	92	15	1	92040	1		ISSY-LES-MOULINEAUX		Issy-les-Moulineaux
11	92	16	1	92044	0		LEVALLOIS-PERRET		Levallois-Perret
11	92	17	1	92048	0		MEUDON		Meudon
11	92	18	1	92049	0		MONTROUGE		Montrouge
11	92	19	4	92050	0		NANTERRE-1		Nanterre-1
11	92	20	2	92050	0		NANTERRE-2		Nanterre-2
11	92	21	1	92051	0		NEUILLY-SUR-SEINE		Neuilly-sur-Seine
11	92	22	1	92063	0		RUEIL-MALMAISON		Rueil-Malmaison
11	92	23	1	92064	0		SAINT-CLOUD		Saint-Cloud
11	93	01	1	93001	1		AUBERVILLIERS		Aubervilliers
11	93	02	1	93005	1		AULNAY-SOUS-BOIS		Aulnay-sous-Bois
11	93	03	1	93006	0		BAGNOLET		Bagnolet
11	93	04	2	93007	2	(LE)	BLANC-MESNIL	(Le)	Blanc-Mesnil
11	93	05	2	93008	0		BOBIGNY		Bobigny
11	93	06	2	93010	0		BONDY		Bondy
11	93	07	1	93027	3	(LA)	COURNEUVE	(La)	Courneuve
11	93	08	4	93029	0		DRANCY		Drancy
11	93	09	2	93031	1		EPINAY-SUR-SEINE		Épinay-sur-Seine
11	93	10	1	93032	0		GAGNY		Gagny
11	93	11	1	93046	0		LIVRY-GARGAN		Livry-Gargan
11	93	12	2	93048	0		MONTREUIL-1		Montreuil-1
11	93	13	4	93048	0		MONTREUIL-2		Montreuil-2
11	93	14	1	93051	0		NOISY-LE-GRAND		Noisy-le-Grand
11	93	15	1	93055	0		PANTIN		Pantin
11	93	16	4	93066	0		SAINT-DENIS-1		Saint-Denis-1
11	93	17	2	93066	0		SAINT-DENIS-2		Saint-Denis-2
11	93	18	2	93070	0		SAINT-OUEN		Saint-Ouen
11	93	19	1	93071	0		SEVRAN		Sevran
11	93	20	1	93073	0		TREMBLAY-EN-FRANCE		Tremblay-en-France
11	93	21	1	93077	0		VILLEMOMBLE		Villemomble
11	94	01	1	94002	1		ALFORTVILLE		Alfortville
11	94	02	1	94016	0		CACHAN		Cachan
11	94	03	4	94017	0		CHAMPIGNY-SUR-MARNE-1		Champigny-sur-Marne-1
11	94	04	2	94017	0		CHAMPIGNY-SUR-MARNE-2		Champigny-sur-Marne-2
11	94	05	2	94018	0		CHARENTON-LE-PONT		Charenton-le-Pont
11	94	06	2	94022	0		CHOISY-LE-ROI		Choisy-le-Roi
11	94	07	4	94028	0		CRETEIL-1		Créteil-1
11	94	08	4	94028	0		CRETEIL-2		Créteil-2
11	94	09	2	94033	0		FONTENAY-SOUS-BOIS		Fontenay-sous-Bois
11	94	10	1	94038	5	(L')	HAY-LES-ROSES	(L')	Haÿ-les-Roses
11	94	11	1	94041	1		IVRY-SUR-SEINE		Ivry-sur-Seine
11	94	12	1	94043	2	(LE)	KREMLIN-BICETRE	(Le)	Kremlin-Bicêtre
11	94	13	1	94046	0		MAISONS-ALFORT		Maisons-Alfort
11	94	14	2	94052	0		NOGENT-SUR-MARNE		Nogent-sur-Marne
11	94	15	1	94054	1		ORLY		Orly
11	94	16	1	94004	0		PLATEAU BRIARD		Plateau briard
11	94	17	4	94068	0		SAINT-MAUR-DES-FOSSES-1		Saint-Maur-des-Fossés-1
11	94	18	2	94068	0		SAINT-MAUR-DES-FOSSES-2		Saint-Maur-des-Fossés-2
11	94	19	1	94073	0		THIAIS		Thiais
11	94	20	1	94076	0		VILLEJUIF		Villejuif
11	94	21	2	94078	0		VILLENEUVE-SAINT-GEORGES		Villeneuve-Saint-Georges
11	94	22	1	94079	0		VILLIERS-SUR-MARNE		Villiers-sur-Marne
11	94	23	2	94080	0		VINCENNES		Vincennes
11	94	24	4	94081	0		VITRY-SUR-SEINE-1		Vitry-sur-Seine-1
11	94	25	4	94081	0		VITRY-SUR-SEINE-2		Vitry-sur-Seine-2
11	95	01	2	95018	1		ARGENTEUIL-1		Argenteuil-1
11	95	02	4	95018	1		ARGENTEUIL-2		Argenteuil-2
11	95	03	2	95018	1		ARGENTEUIL-3		Argenteuil-3
11	95	04	2	95127	0		CERGY-1		Cergy-1
11	95	05	2	95127	0		CERGY-2		Cergy-2
11	95	06	1	95197	0		DEUIL-LA-BARRE		Deuil-la-Barre
11	95	07	1	95199	0		DOMONT		Domont
11	95	08	1	95219	1		ERMONT		Ermont
11	95	09	1	95250	0		FOSSES		Fosses
11	95	10	1	95252	0		FRANCONVILLE		Franconville
11	95	11	1	95268	0		GARGES-LES-GONESSE		Garges-lès-Gonesse
11	95	12	1	95280	0		GOUSSAINVILLE		Goussainville
11	95	13	1	95306	1		HERBLAY		Herblay
11	95	14	1	95313	5	(L')	ISLE-ADAM	(L')	Isle-Adam
11	95	15	1	95428	0		MONTMORENCY		Montmorency
11	95	16	1	95500	0		PONTOISE		Pontoise
11	95	17	1	95572	0		SAINT-OUEN-L'AUMONE		Saint-Ouen-l'Aumône
11	95	18	1	95585	0		SARCELLES		Sarcelles
11	95	19	1	95607	0		TAVERNY		Taverny
11	95	20	1	95637	0		VAUREAL		Vauréal
11	95	21	1	95680	0		VILLIERS-LE-BEL		Villiers-le-Bel
01	971	01	4	97101	4	(LES)	ABYMES-1	(Les)	Abymes-1
01	971	02	4	97101	4	(LES)	ABYMES-2	(Les)	Abymes-2
01	971	03	5	97101	4	(LES)	ABYMES-3	(Les)	Abymes-3
01	971	04	4	97103	0		BAIE-MAHAULT-1		Baie-Mahault-1
01	971	05	5	97103	0		BAIE-MAHAULT-2		Baie-Mahault-2
01	971	06	1	97105	0		BASSE-TERRE		Basse-Terre
01	971	07	1	97107	0		CAPESTERRE-BELLE-EAU		Capesterre-Belle-Eau
01	971	08	4	97113	2	(LE)	GOSIER	(Le)	Gosier
01	971	09	1	97115	0		LAMENTIN		Lamentin
01	971	10	1	97112	0		MARIE-GALANTE		Marie-Galante
01	971	11	1	97117	2	(LE)	MOULE	(Le)	Moule
01	971	12	1	97116	0		MORNE-A-L'EAU		Morne-à-l'Eau
01	971	13	2	97118	0		PETIT-BOURG		Petit-Bourg
01	971	14	1	97119	0		PETIT-CANAL		Petit-Canal
01	971	15	1	97120	0		POINTE-A-PITRE		Pointe-à-Pitre
01	971	16	2	97125	0		SAINT-FRANCOIS		Saint-François
01	971	17	4	97128	0		SAINTE-ANNE		Sainte-Anne
01	971	18	3	97129	0		SAINTE-ROSE-1		Sainte-Rose-1
01	971	19	4	97129	0		SAINTE-ROSE-2		Sainte-Rose-2
01	971	20	1	97132	0		TROIS-RIVIERES		Trois-Rivières
01	971	21	2	97134	0		VIEUX-HABITANTS		Vieux-Habitants
04	974	01	2	97404	5	(L')	ETANG-SALE	(L')	Étang-Salé
04	974	02	1	97407	2	(LE)	PORT	(Le)	Port
04	974	03	1	97408	3	(LA)	POSSESSION	(La)	Possession
04	974	04	2	97409	0		SAINT-ANDRE-1		Saint-André-1
04	974	05	4	97409	0		SAINT-ANDRE-2		Saint-André-2
04	974	06	2	97409	0		SAINT-ANDRE-3		Saint-André-3
04	974	07	2	97410	0		SAINT-BENOIT-1		Saint-Benoît-1
04	974	08	2	97410	0		SAINT-BENOIT-2		Saint-Benoît-2
04	974	09	4	97411	0		SAINT-DENIS-1		Saint-Denis-1
04	974	10	4	97411	0		SAINT-DENIS-2		Saint-Denis-2
04	974	11	4	97411	0		SAINT-DENIS-3		Saint-Denis-3
04	974	12	4	97411	0		SAINT-DENIS-4		Saint-Denis-4
04	974	13	4	97412	0		SAINT-JOSEPH		Saint-Joseph
04	974	14	2	97413	0		SAINT-LEU		Saint-Leu
04	974	15	4	97414	0		SAINT-LOUIS-1		Saint-Louis-1
04	974	16	2	97414	0		SAINT-LOUIS-2		Saint-Louis-2
04	974	17	4	97415	0		SAINT-PAUL-1		Saint-Paul-1
04	974	18	4	97415	0		SAINT-PAUL-2		Saint-Paul-2
04	974	19	4	97415	0		SAINT-PAUL-3		Saint-Paul-3
04	974	20	4	97416	0		SAINT-PIERRE-1		Saint-Pierre-1
04	974	21	4	97416	0		SAINT-PIERRE-2		Saint-Pierre-2
04	974	22	3	97416	0		SAINT-PIERRE-3		Saint-Pierre-3
04	974	23	1	97418	0		SAINTE-MARIE		Sainte-Marie
04	974	24	4	97422	2	(LE)	TAMPON-1	(Le)	Tampon-1
04	974	25	4	97422	2	(LE)	TAMPON-2	(Le)	Tampon-2
06	976	01	5	97602	0		BANDRABOUA		Bandraboua
06	976	02	2	97604	0		BOUENI		Bouéni
06	976	03	2	97607	0		DEMBENI		Dembeni
06	976	04	1	97608	0		DZAOUDZI		Dzaoudzi
06	976	05	4	97610	0		KOUNGOU		Koungou
06	976	06	4	97611	0		MAMOUDZOU-1		Mamoudzou-1
06	976	07	4	97611	0		MAMOUDZOU-2		Mamoudzou-2
06	976	08	4	97611	0		MAMOUDZOU-3		Mamoudzou-3
06	976	09	2	97612	0		MTSAMBORO		Mtsamboro
06	976	10	1	97614	1		OUANGANI		Ouangani
06	976	11	1	97615	0		PAMANDZI		Pamandzi
06	976	12	1	97616	0		SADA		Sada
06	976	13	1	97617	0		TSINGONI		Tsingoni
